Date,Close,Open,High,Low,Volume
2018-08-01,0.022,0.022,0.022,18.36,
2018-07-31,18.387,18.387,18.387,18.387,
2018-07-30,18.363,18.363,18.363,18.363,
2018-07-27,18.36,18.36,18.36,18.36,1.28M
2018-07-26,18.36,18.36,18.36,18.36,1.04M
2018-07-25,18.36,18.36,18.39,18.36,9.49M
2018-07-24,18.36,18.36,18.38,18.36,423.16K
2018-07-23,18.36,18.36,18.38,18.36,586.64K
2018-07-20,18.36,18.36,18.36,18.36,377.18K
2018-07-19,18.36,18.36,18.37,18.36,959.25K
2018-07-18,18.36,18.36,18.37,18.36,416.32K
2018-07-17,18.36,18.36,18.36,18.36,608.21K
2018-07-16,18.36,18.36,18.37,18.36,517.69K
2018-07-13,18.36,18.36,18.37,18.36,492.92K
2018-07-12,18.37,18.36,18.37,18.36,256.24K
2018-07-11,18.36,18.36,18.37,18.36,510.10K
2018-07-10,18.36,18.36,18.36,18.36,521.36K
2018-07-09,18.36,18.36,18.37,18.36,1.26M
2018-07-06,18.36,18.36,18.38,18.36,582.39K
2018-07-05,18.36,18.36,18.37,18.36,894.86K
2018-07-04,18.36,18.36,18.36,18.36,538.73K
2018-07-03,18.36,18.36,18.38,18.36,603.53K
2018-07-02,18.36,18.36,18.38,18.36,669.60K
2018-06-29,18.36,18.36,18.4,18.36,1.15M
2018-06-28,18.36,18.36,18.36,18.36,665.70K
2018-06-27,18.36,18.36,18.37,18.36,438.59K
2018-06-26,18.36,18.36,18.36,18.36,3.89M
2018-06-25,18.36,18.36,18.36,18.36,2.86M
2018-06-22,18.36,18.36,18.36,18.36,892.74K
2018-06-21,18.36,18.36,18.37,18.36,875.95K
2018-06-20,18.36,18.35,18.37,18.35,226.96K
2018-06-19,18.36,18.36,18.36,18.35,812.43K
2018-06-18,18.36,18.34,18.36,18.34,492.32K
2018-06-15,18.36,18.35,18.37,18.35,6.22M
2018-06-14,18.36,18.34,18.36,18.34,1.29M
2018-06-13,18.36,18.36,18.37,18.35,684.72K
2018-06-12,18.36,18.36,18.37,18.35,548.09K
2018-06-11,18.36,18.36,18.37,18.35,1.06M
2018-06-08,18.36,18.34,18.37,18.34,679.62K
2018-06-07,18.36,18.36,18.38,18.36,791.49K
2018-06-06,18.36,18.36,18.39,18.36,336.65K
2018-06-05,18.36,18.35,18.37,18.35,530.73K
2018-06-04,18.36,18.36,18.36,18.35,714.85K
2018-06-01,18.36,18.36,18.39,18.35,918.09K
2018-05-31,18.36,18.36,18.43,18.35,1.14M
2018-05-30,18.36,18.35,18.39,18.35,341.65K
2018-05-29,18.36,18.34,18.38,18.34,2.39M
2018-05-28,18.36,18.37,18.39,18.35,419.31K
2018-05-25,18.36,18.34,18.36,18.34,1.60M
2018-05-24,18.36,18.35,18.36,18.34,2.61M
2018-05-23,18.36,18.36,18.36,18.34,3.86M
2018-05-22,18.36,18.33,18.37,18.32,834.34K
2018-05-21,18.34,18.36,18.36,18.32,675.08K
2018-05-18,18.32,18.29,18.32,18.28,11.36M
2018-05-17,18.16,18.29,18.32,18.16,37.10M
2018-05-16,18.3,18.3,18.31,18.29,1.58M
2018-05-15,18.32,18.28,18.38,18.28,913.39K
2018-05-14,18.29,18.25,18.3,18.19,1.08M
2018-05-11,18.25,18.16,18.29,18.16,831.67K
2018-05-10,18.2,18.18,18.27,18.02,1.77M
2018-05-09,18.24,18.24,18.3,18.24,860.28K
2018-05-08,18.24,18.26,18.29,18.23,15.33M
2018-05-07,18.28,18.29,18.3,18.27,3.95M
2018-05-04,18.3,18.3,18.3,18.27,3.10M
2018-05-03,18.29,18.29,18.3,18.29,2.14M
2018-05-02,18.29,18.29,18.3,18.25,3.59M
2018-04-30,18.26,18.29,18.3,18.25,3.99M
2018-04-27,18.29,18.29,18.3,18.29,3.19M
2018-04-26,18.29,18.3,18.3,18.29,1.97M
2018-04-25,18.29,18.29,18.3,18.29,1.87M
2018-04-24,18.3,18.29,18.31,18.28,2.88M
2018-04-23,18.29,18.3,18.3,18.28,2.64M
2018-04-20,18.29,18.3,18.3,18.28,2.81M
2018-04-19,18.3,18.3,18.3,18.29,3.99M
2018-04-18,18.3,18.3,18.3,18.29,4.41M
2018-04-17,18.3,18.3,18.3,18.29,3.16M
2018-04-16,18.29,18.3,18.3,18.28,2.62M
2018-04-13,18.3,18.28,18.31,18.28,4.35M
2018-04-12,18.2,18.24,18.27,18.2,3.05M
2018-04-11,18.24,18.2,18.25,18.2,2.34M
2018-04-10,18.21,18.21,18.23,18.19,2.41M
2018-04-09,18.2,18.2,18.21,18.19,1.68M
2018-04-06,18.2,18.19,18.22,18.19,1.82M
2018-04-05,18.2,18.22,18.23,18.19,2.01M
2018-04-04,18.21,18.19,18.21,18.18,3.36M
2018-04-03,18.21,18.19,18.24,18.18,3.11M
2018-03-29,18.22,18.19,18.22,18.18,3.05M
2018-03-28,18.19,18.18,18.2,18.18,2.36M
2018-03-27,18.19,18.2,18.2,18.18,2.10M
2018-03-26,18.19,18.19,18.22,18.18,2.12M
2018-03-23,18.2,18.2,18.22,18.18,2.05M
2018-03-22,18.22,18.18,18.23,18.18,2.61M
2018-03-21,18.18,18.21,18.25,18.18,2.97M
2018-03-20,18.22,18.21,18.23,18.2,2.92M
2018-03-19,18.21,18.18,18.23,18.17,2.30M
2018-03-16,18.16,18.21,18.25,18.16,5.97M
2018-03-15,18.58,18.6,18.64,18.58,5.73M
2018-03-14,18.61,18.6,18.62,18.58,7.14M
2018-03-13,18.58,18.55,18.62,18.55,2.26M
2018-03-12,18.58,18.63,18.71,18.51,4.34M
2018-03-09,18.64,18.7,18.7,18.55,3.63M
2018-03-08,18.63,18.74,18.85,18.5,7.59M
2018-03-07,19.4,19.4,19.48,19.36,2.40M
2018-03-06,19.46,19.55,19.55,19.39,1.58M
2018-03-05,19.5,19.43,19.56,19.43,1.92M
2018-03-02,19.46,19.52,19.58,19.41,3.20M
2018-03-01,19.6,19.55,19.6,19.49,1.95M
2018-02-28,19.6,19.58,19.62,19.57,2.25M
2018-02-27,19.63,19.62,19.64,19.57,1.09M
2018-02-26,19.58,19.63,19.64,19.53,987.15K
2018-02-23,19.56,19.6,19.64,19.53,1.14M
2018-02-22,19.6,19.46,19.6,19.42,1.67M
2018-02-21,19.52,19.43,19.57,19.38,1.64M
2018-02-20,19.4,19.42,19.45,19.35,1.38M
2018-02-19,19.46,19.52,19.6,19.45,1.27M
2018-02-16,19.57,19.5,19.57,19.45,1.27M
2018-02-15,19.49,19.47,19.49,19.36,1.87M
2018-02-14,19.41,19.36,19.46,19.34,1.99M
2018-02-13,19.45,19.45,19.48,19.31,1.95M
2018-02-12,19.45,19.5,19.52,19.43,1.85M
2018-02-09,19.5,19.5,19.55,19.39,2.12M
2018-02-08,19.5,19.56,19.67,19.44,2.71M
2018-02-07,19.61,19.51,19.69,19.45,2.33M
2018-02-06,19.52,19.45,19.57,19.3,4.96M
2018-02-05,19.6,19.5,19.75,19.48,2.60M
2018-02-02,19.6,19.64,19.73,19.51,2.55M
2018-02-01,19.64,19.53,19.68,19.53,2.98M
2018-01-31,19.52,19.32,19.59,19.32,4.34M
2018-01-30,19.26,19.31,19.4,19.26,1.17M
2018-01-29,19.36,19.28,19.39,19.26,1.36M
2018-01-26,19.34,19.16,19.52,19.15,4.45M
2018-01-25,19.12,19.0,19.16,19.0,2.28M
2018-01-24,19.04,19.0,19.04,18.98,1.04M
2018-01-23,19.04,18.99,19.04,18.84,1.72M
2018-01-22,18.98,18.9,18.98,18.9,1.09M
2018-01-19,18.95,18.85,19.0,18.75,2.56M
2018-01-18,18.8,18.82,18.84,18.77,1.05M
2018-01-17,18.81,18.73,18.87,18.73,1.86M
2018-01-16,18.79,18.65,18.8,18.65,1.99M
2018-01-15,18.65,18.66,18.7,18.64,1.32M
2018-01-12,18.67,18.7,18.72,18.65,1.49M
2018-01-11,18.72,18.75,18.79,18.68,1.30M
2018-01-10,18.76,18.71,18.77,18.7,1.56M
2018-01-09,18.77,18.7,18.82,18.7,1.91M
2018-01-08,18.71,18.64,18.72,18.64,1.70M
2018-01-05,18.68,18.65,18.7,18.62,1.48M
2018-01-04,18.69,18.58,18.7,18.57,2.39M
2018-01-03,18.55,18.5,18.62,18.5,1.86M
2018-01-02,18.5,18.55,18.71,18.47,1.31M
2017-12-29,18.55,18.5,18.61,18.45,1.86M
2017-12-28,18.58,18.45,18.58,18.45,1.08M
2017-12-27,18.5,18.4,18.54,18.39,1.02M
2017-12-22,18.45,18.34,18.5,18.32,1.05M
2017-12-21,18.4,18.5,18.5,18.38,1.27M
2017-12-20,18.4,18.55,18.55,18.4,2.05M
2017-12-19,18.55,18.62,18.66,18.52,1.31M
2017-12-18,18.6,18.58,18.66,18.4,2.31M
2017-12-15,18.5,18.61,18.66,18.45,3.15M
2017-12-14,18.6,18.7,18.73,18.6,1.39M
2017-12-13,18.72,18.82,18.89,18.72,5.87M
2017-12-12,18.84,18.8,18.84,18.73,1.06M
2017-12-11,18.77,18.8,18.86,18.76,1.31M
2017-12-08,18.9,18.9,18.9,18.79,1.57M
2017-12-07,18.97,18.96,19.05,18.94,2.20M
2017-12-06,18.93,18.85,18.93,18.84,1.27M
2017-12-05,18.88,18.8,18.89,18.79,2.19M
2017-12-04,18.85,18.79,18.89,18.75,1.74M
2017-12-01,18.8,18.7,18.83,18.68,1.54M
2017-11-30,18.76,18.67,18.76,18.66,3.55M
2017-11-29,18.62,18.64,18.65,18.57,1.34M
2017-11-28,18.6,18.57,18.62,18.56,1.14M
2017-11-27,18.59,18.49,18.59,18.48,1.19M
2017-11-24,18.52,18.51,18.55,18.49,859.75K
2017-11-23,18.55,18.5,18.55,18.46,719.67K
2017-11-22,18.45,18.5,18.55,18.43,1.31M
2017-11-21,18.47,18.43,18.53,18.41,1.31M
2017-11-20,18.43,18.39,18.51,18.38,1.15M
2017-11-17,18.41,18.43,18.52,18.4,2.80M
2017-11-16,18.43,18.39,18.48,18.36,2.44M
2017-11-15,18.36,18.31,18.4,18.27,3.54M
2017-11-14,18.36,18.36,18.41,18.36,1.63M
2017-11-13,18.35,18.43,18.47,18.35,2.50M
2017-11-10,18.45,18.45,18.48,18.44,1.79M
2017-11-09,18.45,18.5,18.57,18.44,2.51M
2017-11-08,18.55,18.46,18.55,18.46,2.04M
2017-11-07,18.5,18.44,18.51,18.44,2.22M
2017-11-06,18.45,18.51,18.55,18.45,2.07M
2017-11-03,18.52,18.67,18.71,18.51,4.84M
2017-11-02,18.71,18.57,18.71,18.57,3.11M
2017-11-01,18.57,18.61,18.65,18.56,3.28M
2017-10-31,18.57,18.65,18.68,18.56,4.27M
2017-10-30,18.91,18.95,19.0,18.91,3.87M
2017-10-27,18.9,18.9,19.0,18.88,4.25M
2017-10-26,18.9,18.85,18.93,18.83,7.31M
2017-10-25,18.84,18.92,18.95,18.84,3.60M
2017-10-24,18.93,18.97,19.0,18.93,3.23M
2017-10-23,18.97,19.0,19.09,18.95,3.32M
2017-10-20,19.06,18.79,19.06,18.76,5.95M
2017-10-19,18.78,18.84,18.93,18.66,11.45M
2017-10-18,18.84,17.43,19.1,17.43,15.24M
2017-10-17,17.61,17.57,17.64,17.3,5.98M
2017-10-16,17.65,17.6,17.66,17.49,4.59M
2017-10-13,17.47,17.46,17.5,17.38,3.58M
2017-10-12,17.43,17.33,17.43,17.33,1.81M
2017-10-11,17.38,17.38,17.46,17.34,4.84M
2017-10-10,17.38,17.32,17.38,17.23,3.98M
2017-10-09,17.35,17.26,17.38,17.23,2.33M
2017-10-06,17.27,17.27,17.34,17.2,1.43M
2017-10-05,17.34,17.05,17.36,17.05,2.63M
2017-10-04,17.26,17.05,17.26,16.99,3.35M
2017-10-03,17.11,17.01,17.11,16.89,2.54M
2017-10-02,17.07,17.1,17.12,16.98,3.64M
2017-09-29,17.1,17.08,17.13,17.02,3.35M
2017-09-28,17.07,17.09,17.14,17.02,1.88M
2017-09-27,17.1,17.12,17.14,17.09,1.58M
2017-09-26,17.14,17.15,17.21,17.11,1.09M
2017-09-25,17.2,17.3,17.39,17.14,1.58M
2017-09-22,17.37,17.02,17.37,17.02,4.04M
2017-09-21,17.03,17.11,17.12,16.99,1.48M
2017-09-20,17.02,17.05,17.16,17.02,2.45M
2017-09-19,17.12,17.07,17.14,17.06,1.00M
2017-09-18,17.03,17.0,17.18,17.0,1.41M
2017-09-15,17.02,17.03,17.12,17.02,3.60M
2017-09-14,17.09,17.05,17.09,17.0,2.77M
2017-09-13,17.11,17.1,17.14,17.07,2.42M
2017-09-12,17.12,17.15,17.2,17.07,1.55M
2017-09-11,17.14,16.96,17.16,16.96,1.91M
2017-09-08,16.96,16.92,16.97,16.9,774.24K
2017-09-07,16.93,16.91,16.95,16.89,1.06M
2017-09-06,16.86,16.93,16.98,16.86,839.55K
2017-09-05,16.98,16.89,16.98,16.87,993.35K
2017-09-04,16.9,16.92,16.97,16.89,478.66K
2017-09-01,16.97,17.0,17.06,16.95,976.71K
2017-08-31,17.0,16.93,17.0,16.89,1.87M
2017-08-30,16.91,16.86,16.93,16.86,803.62K
2017-08-29,16.86,16.88,16.9,16.82,1.11M
2017-08-28,16.91,16.86,16.99,16.86,703.40K
2017-08-25,16.92,16.82,17.02,16.75,1.51M
2017-08-24,16.79,16.82,16.88,16.77,846.86K
2017-08-23,16.75,16.78,16.78,16.71,482.71K
2017-08-22,16.71,16.8,16.83,16.71,615.18K
2017-08-21,16.79,16.71,16.79,16.71,495.96K
2017-08-18,16.77,16.71,16.78,16.7,623.75K
2017-08-17,16.77,16.8,16.8,16.7,675.92K
2017-08-16,16.78,16.84,16.87,16.71,889.59K
2017-08-15,16.82,16.9,16.93,16.77,427.83K
2017-08-14,16.87,16.71,16.91,16.7,535.91K
2017-08-11,16.75,16.71,16.75,16.66,767.99K
2017-08-10,16.83,16.86,16.93,16.76,638.32K
2017-08-09,16.91,16.82,16.91,16.8,631.07K
2017-08-08,16.93,16.91,16.95,16.87,661.86K
2017-08-07,16.91,16.8,16.91,16.79,716.94K
2017-08-04,16.8,16.68,16.87,16.68,864.63K
2017-08-03,16.71,16.69,16.72,16.6,1.15M
2017-08-02,16.68,16.8,16.84,16.68,949.25K
2017-08-01,16.8,16.75,16.84,16.68,1.13M
2017-07-31,16.69,16.66,16.77,16.64,1.75M
2017-07-28,16.66,16.82,16.83,16.66,1.40M
2017-07-27,16.85,16.81,16.91,16.81,1.35M
2017-07-26,16.95,16.78,16.95,16.73,2.39M
2017-07-25,16.76,16.73,16.84,16.71,1.33M
2017-07-24,16.7,16.68,16.84,16.68,1.96M
2017-07-21,16.65,16.65,16.91,16.61,3.02M
2017-07-20,16.5,16.48,16.59,16.45,1.53M
2017-07-19,16.44,16.35,16.5,16.35,875.47K
2017-07-18,16.41,16.45,16.5,16.36,1.04M
2017-07-17,16.51,16.48,16.52,16.43,1.07M
2017-07-14,16.48,16.45,16.49,16.42,943.60K
2017-07-13,16.48,16.42,16.52,16.38,1.32M
2017-07-12,16.38,16.32,16.43,16.32,1.28M
2017-07-11,16.3,16.38,16.4,16.3,1.07M
2017-07-10,16.36,16.42,16.45,16.34,945.03K
2017-07-07,16.42,16.36,16.42,16.34,1.05M
2017-07-06,16.42,16.37,16.42,16.31,1.92M
2017-07-05,16.41,16.46,16.65,16.33,4.38M
2017-07-04,16.2,16.18,16.23,16.12,1.41M
2017-07-03,16.16,16.26,16.3,16.15,1.13M
2017-06-30,16.22,16.2,16.27,16.18,1.69M
2017-06-29,16.23,16.25,16.27,16.14,1.99M
2017-06-28,16.25,16.27,16.3,16.22,1.79M
2017-06-27,16.25,16.34,16.37,16.25,2.10M
2017-06-26,16.34,16.39,16.41,16.34,1.55M
2017-06-23,16.37,16.41,16.43,16.34,1.27M
2017-06-22,16.42,16.36,16.48,16.36,1.40M
2017-06-21,16.45,16.42,16.45,16.32,2.07M
2017-06-20,16.39,16.48,16.51,16.39,2.34M
2017-06-19,16.5,16.61,16.68,16.47,1.67M
2017-06-16,16.61,16.48,16.61,16.45,3.14M
2017-06-15,16.42,16.34,16.45,16.28,1.81M
2017-06-14,16.34,16.39,16.49,16.33,1.76M
2017-06-13,16.39,16.34,16.45,16.28,1.77M
2017-06-12,16.34,16.34,16.38,16.28,1.59M
2017-06-09,16.34,16.33,16.38,16.27,1.27M
2017-06-08,16.27,16.41,16.45,16.27,2.11M
2017-06-07,16.43,16.37,16.48,16.31,1.80M
2017-06-06,16.45,16.4,16.45,16.34,1.12M
2017-06-05,16.36,16.3,16.38,16.3,1.27M
2017-06-02,16.35,16.36,16.43,16.33,1.46M
2017-06-01,16.4,16.27,16.44,16.27,1.87M
2017-05-31,16.29,16.4,16.43,16.26,6.77M
2017-05-30,16.35,16.37,16.43,16.32,2.03M
2017-05-29,16.41,16.48,16.53,16.39,1.11M
2017-05-26,16.44,16.46,16.53,16.39,1.91M
2017-05-25,16.52,16.61,16.67,16.46,2.61M
2017-05-24,16.59,16.65,16.65,16.58,1.51M
2017-05-23,16.61,16.6,16.73,16.58,1.75M
2017-05-22,16.53,16.38,16.57,16.37,2.60M
2017-05-19,16.38,16.37,16.38,16.3,2.18M
2017-05-18,16.34,16.34,16.38,16.23,3.64M
2017-05-17,16.31,16.27,16.39,16.27,3.16M
2017-05-16,16.3,16.32,16.36,16.3,4.03M
2017-05-15,16.35,16.42,16.49,16.32,4.86M
2017-05-12,16.45,16.07,16.49,16.05,1.86M
2017-05-11,16.16,16.3,16.31,16.09,2.02M
2017-05-10,16.32,16.25,16.32,16.2,1.77M
2017-05-09,16.3,16.39,16.5,16.27,1.61M
2017-05-08,16.4,16.4,16.55,16.27,1.72M
2017-05-05,16.41,16.2,16.41,16.2,1.58M
2017-05-04,16.27,16.16,16.32,16.16,1.99M
2017-05-03,16.15,16.2,16.24,16.14,1.83M
2017-05-02,16.16,16.2,16.27,16.14,2.25M
2017-04-28,16.15,16.18,16.3,16.14,2.40M
2017-04-27,16.18,16.09,16.23,15.99,1.84M
2017-04-26,16.07,16.04,16.11,15.97,2.21M
2017-04-25,16.0,16.25,16.25,15.98,2.84M
2017-04-24,16.16,16.0,16.17,15.98,4.25M
2017-04-21,15.64,15.94,15.94,15.64,3.92M
2017-04-20,15.85,15.99,16.33,15.85,7.03M
2017-04-19,15.79,16.0,16.18,15.62,7.14M
2017-04-18,16.3,15.3,16.61,15.12,3.47M
2017-04-13,15.29,15.22,15.3,15.17,1.09M
2017-04-12,15.23,15.25,15.29,15.16,1.39M
2017-04-11,15.28,15.0,15.3,14.92,3.01M
2017-04-10,15.02,15.17,15.17,15.02,1.46M
2017-04-07,15.18,15.09,15.18,15.0,1.68M
2017-04-06,15.06,14.88,15.11,14.61,2.62M
2017-04-05,15.19,15.19,15.29,15.12,1.86M
2017-04-04,15.21,15.08,15.23,15.07,2.52M
2017-04-03,15.15,15.21,15.27,15.09,1.90M
2017-03-31,15.1,15.1,15.15,15.04,2.07M
2017-03-30,15.13,15.19,15.2,15.04,1.73M
2017-03-29,15.13,15.0,15.13,14.9,2.61M
2017-03-28,14.96,14.98,14.99,14.82,1.79M
2017-03-27,14.9,14.87,14.93,14.81,2.26M
2017-03-24,14.92,14.97,14.99,14.88,1.54M
2017-03-23,14.97,14.98,15.03,14.89,1.87M
2017-03-22,14.86,14.82,14.94,14.69,2.43M
2017-03-21,14.9,14.55,15.11,14.55,5.29M
2017-03-20,14.46,14.53,14.57,14.41,1.36M
2017-03-17,14.5,14.3,14.53,14.3,5.74M
2017-03-16,14.41,14.3,14.41,14.23,2.60M
2017-03-15,14.27,14.19,14.27,14.13,1.73M
2017-03-14,14.15,14.19,14.19,14.04,1.48M
2017-03-13,14.21,14.21,14.25,14.12,1.50M
2017-03-10,14.19,14.3,14.32,14.19,1.78M
2017-03-09,14.29,14.16,14.29,14.07,1.48M
2017-03-08,14.22,14.15,14.24,14.13,1.44M
2017-03-07,14.23,14.14,14.23,14.06,2.30M
2017-03-06,14.2,14.06,14.2,14.04,1.52M
2017-03-03,14.12,13.95,14.12,13.95,1.83M
2017-03-02,14.01,13.86,14.02,13.86,2.17M
2017-03-01,13.87,13.76,13.95,13.76,2.09M
2017-02-28,13.84,13.95,13.98,13.82,2.28M
2017-02-27,13.91,13.9,13.91,13.8,1.87M
2017-02-24,13.88,13.88,13.96,13.81,1.90M
2017-02-23,13.91,13.8,13.91,13.77,1.46M
2017-02-22,13.82,13.8,13.88,13.72,1.93M
2017-02-21,13.81,13.85,13.85,13.74,1.25M
2017-02-20,13.86,13.87,13.89,13.79,1.21M
2017-02-17,13.76,13.81,13.88,13.7,1.58M
2017-02-16,13.84,13.78,13.84,13.68,1.83M
2017-02-15,13.77,13.63,13.77,13.58,1.93M
2017-02-14,13.63,13.63,13.66,13.57,1.32M
2017-02-13,13.62,13.51,13.62,13.48,1.28M
2017-02-10,13.49,13.59,13.64,13.44,1.32M
2017-02-09,13.58,13.37,13.6,13.35,2.06M
2017-02-08,13.35,13.31,13.37,13.24,1.39M
2017-02-07,13.27,13.3,13.34,13.23,1.68M
2017-02-06,13.3,13.38,13.45,13.26,1.58M
2017-02-03,13.44,13.31,13.44,13.29,1.38M
2017-02-02,13.32,13.27,13.34,13.24,1.95M
2017-02-01,13.32,13.35,13.37,13.26,2.02M
2017-01-31,13.24,13.28,13.35,13.23,2.22M
2017-01-30,13.29,13.4,13.46,13.24,1.05M
2017-01-27,13.4,13.39,13.42,13.25,876.44K
2017-01-26,13.36,13.54,13.54,13.3,2.60M
2017-01-25,13.49,13.59,13.59,13.47,2.08M
2017-01-24,13.53,13.59,13.62,13.45,3.07M
2017-01-23,13.59,13.52,13.61,13.46,1.21M
2017-01-20,13.56,13.5,13.59,13.45,1.27M
2017-01-19,13.54,13.65,13.65,13.46,1.35M
2017-01-18,13.58,13.71,13.74,13.54,1.09M
2017-01-17,13.7,13.64,13.7,13.6,1.47M
2017-01-16,13.66,13.65,13.72,13.61,1.20M
2017-01-13,13.68,13.52,13.68,13.48,1.00M
2017-01-12,13.51,13.47,13.54,13.4,1.31M
2017-01-11,13.53,13.56,13.59,13.43,2.32M
2017-01-10,13.6,13.69,13.74,13.52,1.42M
2017-01-09,13.72,13.67,13.73,13.63,1.39M
2017-01-06,13.67,13.62,13.68,13.59,957.54K
2017-01-05,13.62,13.44,13.63,13.44,2.05M
2017-01-04,13.44,13.49,13.49,13.37,1.37M
2017-01-03,13.46,13.4,13.5,13.38,1.82M
2017-01-02,13.37,13.25,13.4,13.11,1.13M
2016-12-30,13.29,13.38,13.4,13.29,1.26M
2016-12-29,13.36,13.35,13.39,13.31,947.62K
2016-12-28,13.38,13.4,13.47,13.35,888.96K
2016-12-27,13.45,13.44,13.5,13.4,764.72K
2016-12-23,13.4,13.44,13.46,13.35,952.56K
2016-12-22,13.4,13.44,13.53,13.36,1.31M
2016-12-21,13.55,13.47,13.59,13.46,2.29M
2016-12-20,13.49,13.55,13.56,13.45,2.42M
2016-12-19,13.55,13.27,13.55,13.27,2.39M
2016-12-16,13.31,13.24,13.41,13.19,5.80M
2016-12-15,13.27,13.3,13.32,13.09,3.33M
2016-12-14,13.28,13.34,13.43,13.27,1.81M
2016-12-13,13.38,13.09,13.38,13.09,3.19M
2016-12-12,13.12,13.02,13.12,12.97,1.95M
2016-12-09,13.05,12.82,13.08,12.82,2.01M
2016-12-08,12.85,12.92,12.99,12.8,2.03M
2016-12-07,12.91,12.93,12.96,12.8,3.67M
2016-12-06,12.84,12.65,12.84,12.58,1.85M
2016-12-05,12.64,12.43,12.7,12.38,2.74M
2016-12-02,12.52,12.47,12.54,12.37,1.35M
2016-12-01,12.48,12.56,12.59,12.45,1.59M
2016-11-30,12.61,12.46,12.71,12.44,4.75M
2016-11-29,12.46,12.4,12.49,12.38,1.47M
2016-11-28,12.44,12.46,12.53,12.43,879.10K
2016-11-25,12.52,12.5,12.53,12.42,918.73K
2016-11-24,12.47,12.47,12.5,12.4,1.08M
2016-11-23,12.38,12.48,12.55,12.38,1.43M
2016-11-22,12.48,12.45,12.51,12.38,1.82M
2016-11-21,12.4,12.4,12.48,12.3,1.73M
2016-11-18,12.38,12.53,12.56,12.38,1.89M
2016-11-17,12.5,12.6,12.7,12.49,2.38M
2016-11-16,12.58,12.43,12.65,12.43,2.82M
2016-11-15,12.44,12.5,12.61,12.38,2.89M
2016-11-14,12.44,12.72,12.72,12.44,2.00M
2016-11-11,12.62,12.77,12.81,12.59,2.06M
2016-11-10,12.7,13.19,13.19,12.67,3.75M
2016-11-09,13.06,12.98,13.19,12.91,2.52M
2016-11-08,13.29,13.26,13.3,13.22,1.18M
2016-11-07,13.22,13.21,13.22,13.12,1.56M
2016-11-04,13.05,13.14,13.2,12.97,1.47M
2016-11-03,13.14,13.1,13.18,12.98,2.15M
2016-11-02,13.11,13.26,13.3,13.08,1.83M
2016-11-01,13.35,13.61,13.63,13.32,1.60M
2016-10-31,13.53,13.6,13.62,13.32,2.23M
2016-10-28,13.79,13.69,13.82,13.59,2.18M
2016-10-27,13.72,13.68,13.73,13.56,2.43M
2016-10-26,13.64,13.75,13.75,13.56,2.11M
2016-10-25,13.65,13.71,13.8,13.62,2.15M
2016-10-24,13.75,13.72,13.89,13.71,1.65M
2016-10-21,13.69,13.69,13.71,13.61,1.83M
2016-10-20,13.74,13.8,13.82,13.66,1.79M
2016-10-19,13.83,13.79,13.83,13.66,1.65M
2016-10-18,13.74,13.74,13.84,13.64,1.48M
2016-10-17,13.66,13.65,13.71,13.6,1.91M
2016-10-14,13.68,13.66,13.74,13.63,1.33M
2016-10-13,13.63,13.57,13.64,13.49,1.43M
2016-10-12,13.62,13.7,13.74,13.55,1.18M
2016-10-11,13.65,13.66,13.77,13.56,3.07M
2016-10-10,13.76,13.4,13.76,13.39,2.07M
2016-10-07,13.37,13.65,13.65,13.36,2.44M
2016-10-06,13.65,13.85,13.91,13.65,1.79M
2016-10-05,13.79,13.68,13.79,13.61,2.52M
2016-10-04,13.76,13.75,13.91,13.73,4.28M
2016-10-03,13.79,13.87,13.92,13.75,856.13K
2016-09-30,13.86,13.67,13.86,13.56,2.33M
2016-09-29,13.77,13.78,13.85,13.72,1.52M
2016-09-28,13.65,13.89,13.96,13.65,1.45M
2016-09-27,13.82,13.85,13.91,13.69,1.49M
2016-09-26,13.77,13.88,13.89,13.68,2.04M
2016-09-23,13.99,14.11,14.12,13.94,1.06M
2016-09-22,14.11,13.97,14.16,13.95,1.56M
2016-09-21,13.91,14.0,14.05,13.89,1.39M
2016-09-20,13.96,13.97,14.01,13.87,1.58M
2016-09-19,13.79,13.77,13.82,13.76,717.19K
2016-09-16,13.66,13.76,13.81,13.62,1.73M
2016-09-15,13.82,13.76,13.85,13.73,1.17M
2016-09-14,13.75,13.78,13.82,13.71,1.34M
2016-09-13,13.69,13.88,13.96,13.68,1.32M
2016-09-12,13.87,13.95,13.95,13.81,1.73M
2016-09-09,14.09,14.32,14.38,14.07,1.49M
2016-09-08,14.33,14.15,14.38,14.14,2.20M
2016-09-07,14.15,14.2,14.2,14.09,1.30M
2016-09-06,14.14,14.2,14.2,14.06,1.37M
2016-09-05,14.16,14.11,14.2,14.11,644.84K
2016-09-02,14.1,13.97,14.1,13.93,1.57M
2016-09-01,13.9,13.94,13.98,13.86,1.73M
2016-08-31,13.88,13.88,13.93,13.84,1.90M
2016-08-30,13.88,13.86,13.95,13.86,823.66K
2016-08-29,13.85,13.82,13.89,13.76,667.66K
2016-08-26,13.87,13.76,13.88,13.71,1.35M
2016-08-25,13.74,13.74,13.76,13.64,873.47K
2016-08-24,13.78,13.57,13.78,13.52,936.64K
2016-08-23,13.66,13.68,13.7,13.59,857.61K
2016-08-22,13.6,13.56,13.68,13.51,752.58K
2016-08-19,13.6,13.71,13.71,13.51,877.79K
2016-08-18,13.7,13.62,13.7,13.56,843.86K
2016-08-17,13.53,13.78,13.8,13.52,1.24M
2016-08-16,13.78,13.89,13.92,13.76,1.19M
2016-08-15,13.89,13.97,14.01,13.88,649.86K
2016-08-12,13.97,13.85,13.97,13.82,1.34M
2016-08-11,13.84,13.85,13.85,13.76,971.42K
2016-08-10,13.81,13.86,13.92,13.75,1.82M
2016-08-09,13.93,13.73,13.93,13.71,1.66M
2016-08-08,13.78,13.79,13.87,13.77,1.59M
2016-08-05,13.79,13.85,13.95,13.78,1.56M
2016-08-04,13.86,13.8,13.89,13.76,1.96M
2016-08-03,13.73,13.97,13.97,13.73,1.95M
2016-08-02,13.9,14.03,14.06,13.87,1.63M
2016-08-01,14.04,14.08,14.23,14.01,1.13M
2016-07-29,14.07,13.82,14.07,13.81,2.06M
2016-07-28,13.95,13.92,14.09,13.91,2.06M
2016-07-27,14.01,13.91,14.02,13.91,1.82M
2016-07-26,13.9,13.95,13.97,13.87,1.55M
2016-07-25,13.94,13.88,13.94,13.81,2.48M
2016-07-22,13.85,13.85,13.89,13.79,1.90M
2016-07-21,13.86,13.88,13.89,13.73,2.63M
2016-07-20,13.84,13.94,13.94,13.78,2.56M
2016-07-19,13.84,13.59,13.84,13.56,3.24M
2016-07-18,13.62,13.73,13.8,13.6,1.56M
2016-07-15,13.69,13.71,13.73,13.55,1.94M
2016-07-14,13.69,13.87,13.94,13.57,2.95M
2016-07-13,13.76,13.92,14.01,13.76,3.29M
2016-07-12,13.94,13.96,14.09,13.88,3.31M
2016-07-11,13.85,13.74,13.9,13.63,2.70M
2016-07-08,13.63,13.59,13.71,13.54,1.98M
2016-07-07,13.57,13.53,13.64,13.5,2.36M
2016-07-06,13.43,13.4,13.46,13.28,4.78M
2016-07-05,13.43,13.48,13.59,13.37,2.32M
2016-07-04,13.55,13.62,13.7,13.42,1.72M
2016-07-01,13.53,13.3,13.55,13.2,8.40M
2016-06-30,13.2,12.95,13.22,12.79,5.00M
2016-06-29,12.85,12.3,12.85,12.25,9.38M
2016-06-28,12.89,12.62,12.96,12.52,2.35M
2016-06-27,12.46,13.0,13.14,12.44,3.38M
2016-06-24,12.85,12.36,13.05,12.12,3.88M
2016-06-23,13.71,13.59,13.72,13.45,1.88M
2016-06-22,13.55,13.5,13.61,13.43,2.26M
2016-06-21,13.46,13.32,13.47,13.3,2.36M
2016-06-20,13.4,13.15,13.4,13.11,2.23M
2016-06-17,12.84,12.59,12.84,12.58,3.79M
2016-06-16,12.53,12.58,12.66,12.45,2.34M
2016-06-15,12.66,12.85,12.91,12.66,2.20M
2016-06-14,12.8,12.77,12.87,12.74,2.45M
2016-06-13,12.89,13.04,13.13,12.88,1.71M
2016-06-10,13.18,13.55,13.57,13.17,2.35M
2016-06-09,13.62,13.52,13.62,13.44,1.46M
2016-06-08,13.55,13.68,13.69,13.46,2.16M
2016-06-07,13.71,13.69,13.73,13.63,1.60M
2016-06-06,13.65,13.6,13.74,13.6,1.09M
2016-06-03,13.64,13.78,13.79,13.57,1.24M
2016-06-02,13.77,13.7,13.79,13.65,1.25M
2016-06-01,13.71,13.75,13.75,13.62,1.96M
2016-05-31,13.76,13.83,13.89,13.74,2.47M
2016-05-30,13.81,14.0,14.05,13.8,1.21M
2016-05-27,13.93,13.91,13.93,13.75,1.10M
2016-05-26,13.94,13.89,14.0,13.84,971.53K
2016-05-25,13.86,14.06,14.09,13.86,1.27M
2016-05-24,13.98,13.81,13.99,13.75,1.39M
2016-05-23,13.77,13.74,13.85,13.65,1.22M
2016-05-20,13.74,13.67,13.8,13.65,1.08M
2016-05-19,13.62,13.72,13.81,13.61,1.65M
2016-05-18,13.8,13.68,13.82,13.63,1.21M
2016-05-17,13.73,13.71,13.81,13.69,1.77M
2016-05-16,13.6,13.51,13.62,13.46,634.94K
2016-05-13,13.6,13.61,13.67,13.51,1.60M
2016-05-12,13.63,13.73,13.74,13.6,1.45M
2016-05-11,13.79,13.93,13.96,13.75,1.33M
2016-05-10,13.89,13.88,13.95,13.8,959.91K
2016-05-09,13.73,13.77,13.89,13.7,1.27M
2016-05-06,13.71,13.67,13.78,13.61,1.25M
2016-05-05,13.74,13.68,13.82,13.68,1.31M
2016-05-04,13.67,13.82,13.91,13.58,1.98M
2016-05-03,13.78,14.03,14.06,13.75,2.94M
2016-05-02,14.07,14.07,14.13,13.94,1.11M
2016-04-29,14.02,14.01,14.14,13.95,2.82M
2016-04-28,14.08,13.9,14.08,13.76,2.17M
2016-04-27,13.88,13.78,13.96,13.73,2.93M
2016-04-26,13.81,13.66,13.81,13.66,2.21M
2016-04-25,13.6,13.57,13.66,13.57,2.44M
2016-04-22,13.52,13.65,13.71,13.5,3.33M
2016-04-21,13.65,13.76,13.76,13.53,2.29M
2016-04-20,13.69,13.55,13.73,13.54,2.14M
2016-04-19,13.58,13.55,13.71,13.52,3.10M
2016-04-18,13.88,13.74,13.89,13.57,2.64M
2016-04-15,13.83,13.92,13.94,13.83,1.73M
2016-04-14,13.92,14.03,14.11,13.88,3.44M
2016-04-13,14.17,13.9,14.27,13.77,3.60M
2016-04-12,13.79,13.85,13.85,13.65,2.70M
2016-04-11,13.81,13.72,13.91,13.62,2.84M
2016-04-08,13.76,13.58,13.8,13.57,2.85M
2016-04-07,13.6,13.82,13.83,13.51,3.19M
2016-04-06,13.83,13.62,13.84,13.56,2.42M
2016-04-05,13.59,13.6,13.67,13.53,2.85M
2016-04-04,13.74,13.67,13.81,13.6,1.51M
2016-04-01,13.66,13.62,13.73,13.55,2.18M
2016-03-31,13.76,13.76,13.76,13.66,3.58M
2016-03-30,13.81,13.7,13.9,13.7,1.81M
2016-03-29,13.68,13.71,13.78,13.65,1.36M
2016-03-24,13.66,13.68,13.7,13.56,965.30K
2016-03-23,13.73,13.73,13.81,13.66,1.32M
2016-03-22,13.71,13.55,13.71,13.48,2.17M
2016-03-21,13.6,13.5,13.66,13.45,2.30M
2016-03-18,13.6,13.47,13.62,13.43,2.60M
2016-03-17,13.39,13.5,13.5,13.22,1.89M
2016-03-16,13.4,13.45,13.48,13.31,981.32K
2016-03-15,13.44,13.35,13.45,13.32,2.07M
2016-03-14,13.45,13.45,13.54,13.4,2.15M
2016-03-11,13.4,13.41,13.47,13.28,2.49M
2016-03-10,13.27,13.19,13.54,13.14,2.83M
2016-03-09,13.2,13.27,13.35,13.13,4.73M
2016-03-08,13.26,13.14,13.38,13.1,2.19M
2016-03-07,13.25,13.25,13.31,13.15,1.48M
2016-03-04,13.31,13.26,13.4,13.23,1.41M
2016-03-03,13.23,13.14,13.31,13.1,2.01M
2016-03-02,13.21,13.3,13.3,13.04,2.17M
2016-03-01,13.19,13.08,13.23,13.07,2.26M
2016-02-29,13.19,13.01,13.19,12.91,2.35M
2016-02-26,13.06,12.97,13.11,12.93,3.42M
2016-02-25,12.87,12.51,12.89,12.51,1.98M
2016-02-24,12.4,12.64,12.65,12.29,1.71M
2016-02-23,12.67,12.69,12.8,12.64,2.11M
2016-02-22,12.67,12.64,12.82,12.62,2.07M
2016-02-19,12.6,12.76,12.78,12.53,2.37M
2016-02-18,12.72,12.7,12.85,12.64,2.11M
2016-02-17,12.69,12.46,12.69,12.4,4.97M
2016-02-16,12.37,12.27,12.4,12.22,2.68M
2016-02-15,12.11,12.03,12.14,11.94,1.86M
2016-02-12,11.74,11.89,11.93,11.63,3.90M
2016-02-11,11.85,12.16,12.16,11.85,3.14M
2016-02-10,12.28,12.05,12.44,11.8,3.15M
2016-02-09,12.02,12.13,12.2,11.78,3.12M
2016-02-08,12.07,12.83,12.9,12.02,3.20M
2016-02-05,12.83,12.81,13.03,12.63,2.14M
2016-02-04,12.8,12.79,12.87,12.53,2.18M
2016-02-03,12.62,12.78,12.86,12.45,1.60M
2016-02-02,12.81,13.04,13.07,12.77,1.44M
2016-02-01,13.1,13.1,13.19,12.98,1.66M
2016-01-29,13.05,12.85,13.05,12.79,2.86M
2016-01-28,12.7,12.72,12.92,12.59,1.80M
2016-01-27,12.83,12.55,12.85,12.55,2.69M
2016-01-26,12.6,12.37,12.62,12.3,2.43M
2016-01-25,12.5,12.78,12.78,12.44,1.87M
2016-01-22,12.7,12.29,12.82,12.25,3.96M
2016-01-21,11.99,11.7,12.03,11.66,3.36M
2016-01-20,11.64,11.86,11.86,11.56,2.80M
2016-01-19,12.06,12.03,12.22,12.01,1.80M
2016-01-18,11.89,12.17,12.33,11.89,3.76M
2016-01-15,12.15,12.5,12.56,12.1,3.17M
2016-01-14,12.51,12.7,12.73,12.42,2.54M
2016-01-13,12.8,12.73,12.97,12.7,3.49M
2016-01-12,12.73,12.71,12.93,12.64,2.56M
2016-01-11,12.72,12.74,12.88,12.64,2.71M
2016-01-08,12.8,12.95,13.09,12.8,2.25M
2016-01-07,12.94,12.94,13.03,12.87,2.84M
2016-01-06,13.2,13.35,13.36,13.08,2.09M
2016-01-05,13.4,13.39,13.48,13.33,2.03M
2016-01-04,13.3,13.61,13.61,13.29,3.08M
2015-12-31,13.72,13.58,13.81,13.58,697.01K
2015-12-30,13.67,13.65,13.7,13.6,1.29M
2015-12-29,13.67,13.62,13.67,13.57,1.02M
2015-12-28,13.54,13.54,13.61,13.51,1.88M
2015-12-24,13.59,13.48,13.6,13.43,461.29K
2015-12-23,13.46,13.32,13.54,13.32,1.92M
2015-12-22,13.25,13.3,13.32,13.22,3.50M
2015-12-21,13.2,13.3,13.36,13.19,4.92M
2015-12-18,13.44,13.3,13.48,13.23,6.84M
2015-12-17,13.35,13.36,13.45,13.28,3.10M
2015-12-16,13.14,13.2,13.25,13.1,4.50M
2015-12-15,13.24,12.86,13.32,12.83,3.85M
2015-12-14,12.79,12.9,13.01,12.77,2.92M
2015-12-11,12.89,13.1,13.1,12.89,2.70M
2015-12-10,13.12,13.04,13.17,12.98,2.58M
2015-12-09,13.1,13.16,13.17,12.92,3.46M
2015-12-08,13.11,13.36,13.36,13.09,1.93M
2015-12-07,13.34,13.24,13.35,13.2,3.97M
2015-12-04,13.2,13.19,13.24,13.08,3.17M
2015-12-03,13.22,13.64,13.75,13.2,3.78M
2015-12-02,13.63,13.71,13.76,13.62,2.69M
2015-12-01,13.65,13.96,13.97,13.59,3.06M
2015-11-30,13.96,13.83,13.98,13.81,10.69M
2015-11-27,13.82,13.69,13.83,13.66,2.55M
2015-11-26,13.73,13.67,13.77,13.6,2.37M
2015-11-25,13.62,13.46,13.62,13.35,4.30M
2015-11-24,13.41,13.38,13.42,13.21,3.97M
2015-11-23,13.41,13.48,13.5,13.4,4.58M
2015-11-20,13.33,13.24,13.44,13.05,19.63M
2015-11-19,13.91,13.92,14.0,13.87,1.88M
2015-11-18,13.87,13.76,13.88,13.69,2.65M
2015-11-17,13.81,13.57,13.84,13.54,2.46M
2015-11-16,13.48,13.37,13.5,13.31,1.58M
2015-11-13,13.45,13.33,13.47,13.25,2.39M
2015-11-12,13.36,13.59,13.64,13.34,2.36M
2015-11-11,13.57,13.63,13.7,13.53,2.56M
2015-11-10,13.57,13.5,13.62,13.45,4.57M
2015-11-09,13.4,13.7,13.77,13.4,2.42M
2015-11-06,13.73,13.76,13.83,13.69,1.57M
2015-11-05,13.74,13.88,13.93,13.73,2.57M
2015-11-04,13.86,14.04,14.2,13.82,2.58M
2015-11-03,13.97,14.06,14.14,13.94,3.71M
2015-11-02,14.37,14.38,14.47,14.3,1.69M
2015-10-30,14.39,14.43,14.5,14.31,3.63M
2015-10-29,14.29,14.36,14.36,14.14,2.61M
2015-10-28,14.25,14.24,14.6,14.14,2.08M
2015-10-27,14.36,14.76,14.79,14.35,3.02M
2015-10-26,14.75,14.69,14.79,14.57,1.54M
2015-10-23,14.68,14.52,14.83,14.4,2.47M
2015-10-22,14.41,13.99,14.44,13.95,2.58M
2015-10-21,13.98,13.93,14.05,13.83,2.50M
2015-10-20,14.03,14.19,14.3,14.0,4.81M
2015-10-19,14.41,14.62,14.68,14.39,3.86M
2015-10-16,14.68,14.58,14.69,14.56,2.34M
2015-10-15,14.55,14.5,14.57,14.4,1.72M
2015-10-14,14.4,14.42,14.45,14.31,2.49M
2015-10-13,14.44,14.41,14.48,14.33,3.25M
2015-10-12,14.4,14.38,14.47,14.27,1.24M
2015-10-09,14.38,14.29,14.45,14.2,2.07M
2015-10-08,14.2,14.12,14.28,14.12,1.51M
2015-10-07,14.15,14.24,14.31,14.12,2.17M
2015-10-06,14.2,14.12,14.25,14.0,2.30M
2015-10-05,14.1,13.89,14.11,13.85,3.01M
2015-10-02,13.75,13.71,13.81,13.5,2.70M
2015-10-01,13.58,13.66,13.71,13.54,2.70M
2015-09-30,13.46,13.33,13.57,13.29,3.33M
2015-09-29,13.16,12.95,13.3,12.9,3.29M
2015-09-28,13.08,13.19,13.32,13.05,2.28M
2015-09-25,13.19,13.2,13.33,13.17,3.42M
2015-09-24,13.01,13.1,13.15,12.9,2.84M
2015-09-23,13.1,13.19,13.25,13.07,3.24M
2015-09-22,13.16,13.5,13.54,13.15,2.93M
2015-09-21,13.53,13.45,13.57,13.41,2.75M
2015-09-18,13.47,13.6,13.61,13.36,5.67M
2015-09-17,13.64,13.62,13.76,13.6,3.83M
2015-09-16,13.57,13.62,13.7,13.45,10.50M
2015-09-15,14.1,14.03,14.14,13.92,2.13M
2015-09-14,14.04,14.06,14.16,14.0,2.64M
2015-09-11,14.01,14.05,14.05,13.85,1.80M
2015-09-10,13.99,13.88,14.09,13.85,1.83M
2015-09-09,14.02,13.88,14.14,13.88,2.21M
2015-09-08,13.66,13.65,13.87,13.62,1.68M
2015-09-07,13.61,13.77,13.8,13.59,1.40M
2015-09-04,13.59,13.67,13.76,13.54,2.47M
2015-09-03,13.7,13.71,13.77,13.61,2.11M
2015-09-02,13.66,13.76,13.83,13.61,1.69M
2015-09-01,13.7,13.95,13.98,13.62,1.93M
2015-08-31,14.06,13.99,14.06,13.9,1.64M
2015-08-28,13.99,13.92,14.0,13.83,1.67M
2015-08-27,13.89,13.86,13.95,13.58,2.91M
2015-08-26,13.7,13.57,13.91,13.51,2.30M
2015-08-25,13.72,13.48,13.74,13.4,3.30M
2015-08-24,13.33,13.58,13.7,13.09,5.08M
2015-08-21,13.71,13.96,14.1,13.71,2.51M
2015-08-20,14.07,14.33,14.4,14.06,1.84M
2015-08-19,14.35,14.41,14.49,14.35,1.89M
2015-08-18,14.5,14.4,14.55,14.39,1.36M
2015-08-17,14.46,14.51,14.53,14.34,1.67M
2015-08-14,14.38,14.38,14.49,14.37,908.60K
2015-08-13,14.37,14.49,14.5,14.37,1.66M
2015-08-12,14.33,14.4,14.5,14.3,2.40M
2015-08-11,14.51,14.63,14.71,14.49,1.62M
2015-08-10,14.65,14.37,14.68,14.26,2.19M
2015-08-07,14.35,14.39,14.42,14.3,1.30M
2015-08-06,14.44,14.49,14.6,14.44,1.33M
2015-08-05,14.53,14.43,14.57,14.38,2.80M
2015-08-04,14.38,14.45,14.5,14.35,1.87M
2015-08-03,14.47,14.27,14.5,14.24,1.62M
2015-07-31,14.2,14.0,14.23,13.9,2.14M
2015-07-30,13.97,14.15,14.25,13.94,2.23M
2015-07-29,14.14,14.61,14.64,14.07,3.36M
2015-07-28,14.41,14.23,14.44,14.21,1.78M
2015-07-27,14.23,14.29,14.31,14.15,1.53M
2015-07-24,14.32,14.29,14.4,14.23,2.07M
2015-07-23,14.33,14.51,14.56,14.33,1.48M
2015-07-22,14.42,14.43,14.56,14.39,1.34M
2015-07-21,14.53,14.76,14.76,14.51,1.50M
2015-07-20,14.7,14.66,14.74,14.62,1.63M
2015-07-17,14.6,14.66,14.67,14.54,1.83M
2015-07-16,14.6,14.51,14.66,14.45,2.12M
2015-07-15,14.44,14.46,14.51,14.34,3.01M
2015-07-14,14.43,14.51,14.55,14.38,2.09M
2015-07-13,14.46,14.31,14.49,14.25,2.09M
2015-07-10,14.18,14.16,14.38,14.13,2.54M
2015-07-09,13.86,13.78,13.94,13.7,3.08M
2015-07-08,13.76,13.6,13.82,13.54,3.72M
2015-07-07,13.6,13.82,13.86,13.58,2.11M
2015-07-06,13.81,13.86,13.98,13.8,2.00M
2015-07-03,14.1,14.11,14.23,14.06,1.47M
2015-07-02,14.12,14.24,14.29,14.12,2.02M
2015-07-01,14.26,14.09,14.35,14.06,2.35M
2015-06-30,14.01,14.18,14.25,14.01,3.18M
2015-06-29,14.23,14.03,14.38,13.95,2.69M
2015-06-26,14.62,14.55,14.69,14.55,2.09M
2015-06-25,14.6,14.47,14.66,14.47,2.18M
2015-06-24,14.58,14.48,14.62,14.42,2.95M
2015-06-23,14.49,14.56,14.63,14.46,3.36M
2015-06-22,14.43,14.53,14.63,14.35,3.41M
2015-06-19,14.22,14.04,14.26,13.99,7.96M
2015-06-18,14.01,13.87,14.01,13.67,3.07M
2015-06-17,13.89,14.0,14.12,13.81,2.17M
2015-06-16,13.94,13.67,13.96,13.47,3.02M
2015-06-15,13.85,14.04,14.09,13.81,2.72M
2015-06-12,13.99,14.1,14.19,13.9,1.65M
2015-06-11,14.11,14.29,14.33,14.06,2.17M
2015-06-10,14.28,13.94,14.31,13.93,2.74M
2015-06-09,14.0,13.84,14.06,13.79,2.15M
2015-06-08,13.85,14.02,14.05,13.85,2.55M
2015-06-05,14.05,14.1,14.2,14.05,1.30M
2015-06-04,14.19,14.25,14.32,14.11,2.49M
2015-06-03,14.33,14.39,14.49,14.25,2.90M
2015-06-02,14.33,14.47,14.51,14.3,2.50M
2015-06-01,14.44,14.55,14.63,14.39,1.90M
2015-05-29,14.508,14.735,14.744,14.435,6.26M
2015-05-28,14.753,14.608,14.871,14.54,2.39M
2015-05-27,14.667,14.431,14.707,14.349,2.18M
2015-05-26,14.39,14.639,14.639,14.268,2.98M
2015-05-25,14.544,14.83,14.83,14.472,908.39K
2015-05-22,14.898,14.97,15.02,14.866,1.08M
2015-05-21,14.98,14.794,14.98,14.794,2.03M
2015-05-20,14.871,15.034,15.043,14.694,2.49M
2015-05-19,15.007,15.048,15.116,14.952,1.61M
2015-05-18,14.97,14.884,14.993,14.762,1.90M
2015-05-15,14.816,14.957,14.966,14.762,2.45M
2015-05-14,14.893,14.766,14.966,14.476,2.63M
2015-05-13,14.562,14.649,14.662,14.268,2.40M
2015-05-12,14.481,14.512,14.526,14.268,3.63M
2015-05-11,14.549,14.599,14.689,14.517,2.23M
2015-05-08,14.531,14.685,14.775,14.073,4.49M
2015-05-07,14.635,14.98,14.98,14.558,5.36M
2015-05-06,15.011,14.712,15.202,14.671,5.61M
2015-05-05,14.712,15.02,15.188,14.707,2.41M
2015-05-04,15.066,14.921,15.152,14.853,1.23M
2015-04-30,14.934,14.812,15.048,14.762,4.85M
2015-04-29,14.821,15.147,15.193,14.789,2.56M
2015-04-28,15.161,15.156,15.229,15.084,2.13M
2015-04-27,15.175,15.161,15.193,14.921,2.45M
2015-04-24,15.02,15.011,15.12,14.912,2.26M
2015-04-23,14.857,14.993,15.088,14.757,2.48M
2015-04-22,14.952,15.156,15.215,14.857,2.84M
2015-04-21,15.093,15.03,15.138,14.984,4.98M
2015-04-20,14.966,14.921,15.011,14.902,2.08M
2015-04-17,14.898,15.057,15.057,14.857,5.94M
2015-04-16,15.306,15.492,15.51,15.256,3.65M
2015-04-15,15.465,15.492,15.701,15.456,2.04M
2015-04-14,15.483,15.574,15.705,15.438,3.96M
2015-04-13,15.578,15.556,15.646,15.528,1.91M
2015-04-10,15.846,15.782,15.927,15.782,2.98M
2015-04-09,15.769,15.61,15.769,15.533,2.06M
2015-04-08,15.556,15.678,15.692,15.492,2.20M
2015-04-07,15.646,15.537,15.705,15.506,3.03M
2015-04-02,15.406,15.356,15.456,15.306,956.36K
2015-04-01,15.406,15.22,15.51,15.193,1.87M
2015-03-31,15.27,15.288,15.397,15.175,2.51M
2015-03-30,15.311,15.338,15.356,15.211,2.52M
2015-03-27,15.261,15.32,15.392,15.22,3.27M
2015-03-26,15.283,15.197,15.283,15.02,2.43M
2015-03-25,15.247,15.401,15.488,15.238,2.59M
2015-03-24,15.342,15.052,15.351,15.02,2.65M
2015-03-23,15.061,15.129,15.184,15.03,1.84M
2015-03-20,15.129,14.98,15.184,14.948,2.61M
2015-03-19,14.939,14.943,15.016,14.88,1.76M
2015-03-18,14.902,15.03,15.034,14.844,2.63M
2015-03-17,14.97,14.966,15.025,14.803,1.87M
2015-03-16,15.011,14.875,15.079,14.853,2.10M
2015-03-13,14.83,14.812,14.866,14.757,1.79M
2015-03-12,14.744,14.835,14.966,14.744,3.06M
2015-03-11,14.807,14.83,14.902,14.744,2.07M
2015-03-10,14.821,14.893,14.934,14.794,2.35M
2015-03-09,14.893,14.961,15.048,14.848,2.45M
2015-03-06,15.007,15.116,15.188,14.98,2.39M
2015-03-05,15.066,15.039,15.075,14.902,5.46M
2015-03-04,14.993,14.875,14.993,14.653,11.95M
2015-03-03,15.574,15.737,15.809,15.56,1.82M
2015-03-02,15.674,15.864,15.905,15.592,1.33M
2015-02-27,15.828,15.674,15.918,15.674,1.72M
2015-02-26,15.692,15.601,15.728,15.574,1.23M
2015-02-25,15.682,15.719,15.778,15.605,1.02M
2015-02-24,15.692,15.769,15.773,15.556,1.32M
2015-02-23,15.651,15.719,15.755,15.528,1.38M
2015-02-20,15.692,15.909,15.909,15.419,2.09M
2015-02-19,15.905,15.71,15.959,15.646,1.16M
2015-02-18,15.714,15.782,16.068,15.678,2.10M
2015-02-17,15.769,15.692,15.995,15.678,1.03M
2015-02-16,15.742,16.0,16.186,15.728,1.29M
2015-02-13,16.068,16.05,16.163,15.982,1.01M
2015-02-12,15.995,15.51,16.054,15.501,1.51M
2015-02-11,15.515,15.796,15.855,15.492,1.15M
2015-02-10,15.764,15.397,15.828,15.306,1.35M
2015-02-09,15.37,15.605,15.66,15.293,1.40M
2015-02-06,15.719,15.71,15.782,15.565,901.99K
2015-02-05,15.778,15.601,15.8,15.542,1.19M
2015-02-04,15.755,15.909,16.0,15.723,1.71M
2015-02-03,15.955,15.737,16.045,15.732,1.14M
2015-02-02,15.687,15.742,15.778,15.46,1.43M
2015-01-30,15.755,15.878,16.073,15.723,1.46M
2015-01-29,15.873,15.787,15.878,15.619,1.60M
2015-01-28,16.0,16.168,16.259,15.873,1.45M
2015-01-27,16.064,16.286,16.372,15.937,1.56M
2015-01-26,16.295,16.05,16.354,15.719,1.43M
2015-01-23,16.145,16.109,16.281,16.064,1.54M
2015-01-22,16.073,15.828,16.136,15.809,1.76M
2015-01-21,15.859,16.045,16.045,15.628,1.69M
2015-01-20,15.964,15.814,16.041,15.809,1.99M
2015-01-19,15.791,15.628,15.828,15.556,1.43M
2015-01-16,15.628,15.601,15.651,15.424,1.43M
2015-01-15,15.524,15.283,15.546,15.048,1.63M
2015-01-14,15.225,15.238,15.456,15.111,1.66M
2015-01-13,15.433,15.193,15.492,15.17,1.25M
2015-01-12,15.247,15.256,15.447,15.175,2.02M
2015-01-09,15.147,15.12,15.297,15.011,2.22M
2015-01-08,15.188,15.147,15.256,15.02,1.48M
2015-01-07,14.948,14.766,15.03,14.748,1.68M
2015-01-06,14.667,14.839,14.871,14.626,1.61M
2015-01-05,14.771,14.893,15.093,14.73,2.08M
2015-01-02,15.03,15.057,15.143,14.88,1.05M
2014-12-31,14.902,14.789,15.007,14.789,564.83K
2014-12-30,14.816,15.039,15.039,14.816,1.15M
2014-12-29,15.02,15.066,15.093,14.898,1.31M
2014-12-24,15.147,15.129,15.202,15.048,274.43K
2014-12-23,15.084,15.039,15.088,14.975,915.47K
2014-12-22,15.011,14.875,15.03,14.866,1.29M
2014-12-19,14.83,14.83,14.966,14.694,2.19M
2014-12-18,14.712,14.422,14.762,14.395,2.34M
2014-12-17,14.227,14.367,14.422,14.109,2.46M
2014-12-16,14.422,14.181,14.463,13.837,3.58M
2014-12-15,14.181,14.454,14.59,14.15,1.76M
2014-12-12,14.481,14.649,14.689,14.463,1.97M
2014-12-11,14.717,14.735,14.957,14.658,1.43M
2014-12-10,14.757,14.821,15.034,14.698,1.72M
2014-12-09,14.698,15.025,15.07,14.649,2.20M
2014-12-08,15.188,15.288,15.351,15.161,1.86M
2014-12-05,15.347,15.374,15.374,15.202,1.79M
2014-12-04,15.197,15.614,15.655,15.138,2.00M
2014-12-03,15.614,15.61,15.705,15.528,1.10M
2014-12-02,15.565,15.642,15.669,15.506,1.31M
2014-12-01,15.619,15.515,15.674,15.497,1.50M
2014-11-28,15.61,15.501,15.664,15.479,1.87M
2014-11-27,15.506,15.351,15.533,15.32,1.35M
2014-11-26,15.306,15.419,15.419,15.138,1.48M
2014-11-25,15.379,15.129,15.41,15.125,2.74M
2014-11-24,15.161,15.125,15.338,15.048,2.00M
2014-11-21,15.17,14.839,15.229,14.839,2.08M
2014-11-20,14.83,14.83,14.884,14.68,1.89M
2014-11-19,14.853,14.798,14.943,14.762,2.38M
2014-11-18,14.807,14.744,14.871,14.712,1.65M
2014-11-17,14.748,14.512,14.803,14.472,2.58M
2014-11-14,14.617,14.612,14.676,14.512,1.78M
2014-11-13,14.535,14.658,14.798,14.517,1.99M
2014-11-12,14.617,14.853,14.939,14.617,1.84M
2014-11-11,14.984,15.057,15.116,14.97,1.59M
2014-11-10,15.043,14.567,15.052,14.494,1.71M
2014-11-07,14.635,14.685,14.839,14.526,1.89M
2014-11-06,14.617,14.608,14.916,14.549,2.05M
2014-11-05,14.685,14.467,14.798,14.454,2.14M
2014-11-04,14.386,14.753,14.893,14.354,2.58M
2014-11-03,15.025,15.098,15.238,14.943,1.72M
2014-10-31,15.061,15.229,15.311,14.83,2.73M
2014-10-30,14.943,14.603,14.966,14.086,3.34M
2014-10-29,14.295,14.386,14.44,14.163,1.40M
2014-10-28,14.34,13.873,14.381,13.873,1.84M
2014-10-27,13.85,14.068,14.095,13.624,1.77M
2014-10-24,13.887,13.809,13.914,13.705,1.34M
2014-10-23,13.841,13.742,13.887,13.605,1.11M
2014-10-22,13.8,13.592,13.809,13.533,1.70M
2014-10-21,13.565,13.229,13.565,13.143,1.19M
2014-10-20,13.229,13.283,13.283,13.093,1.53M
2014-10-17,13.293,12.957,13.315,12.893,2.39M
2014-10-16,12.875,12.989,13.098,12.444,3.62M
2014-10-15,12.921,13.465,13.528,12.889,2.59M
2014-10-14,13.442,13.469,13.551,13.225,3.16M
2014-10-13,13.601,13.379,13.651,13.293,1.65M
2014-10-10,13.474,13.424,13.506,13.211,2.09M
2014-10-09,13.515,13.705,13.764,13.479,1.86M
2014-10-08,13.587,13.56,13.633,13.388,1.78M
2014-10-07,13.578,13.887,13.887,13.578,1.45M
2014-10-06,13.932,13.968,14.154,13.918,1.08M
2014-10-03,13.887,13.841,13.927,13.696,1.49M
2014-10-02,13.742,14.036,14.073,13.723,1.44M
2014-10-01,14.054,14.159,14.29,14.018,1.20M
2014-09-30,14.186,14.122,14.245,14.036,1.46M
2014-09-29,14.077,14.236,14.258,13.982,1.20M
2014-09-26,14.254,14.059,14.286,13.905,1.22M
2014-09-25,14.045,14.113,14.24,14.018,2.10M
2014-09-24,14.141,14.172,14.186,13.982,1.70M
2014-09-23,14.191,14.345,14.367,14.086,1.52M
2014-09-22,14.413,14.354,14.481,14.331,1.19M
2014-09-19,14.444,14.626,14.835,14.444,5.22M
2014-09-18,14.54,14.549,14.594,14.472,1.51M
2014-09-17,14.508,14.336,14.603,14.336,1.76M
2014-09-16,14.277,14.367,14.426,14.236,1.70M
2014-09-15,14.408,14.408,14.485,14.381,977.55K
2014-09-12,14.49,14.422,14.49,14.363,1.23M
2014-09-11,14.399,14.512,14.585,14.313,1.32M
2014-09-10,14.508,14.562,14.576,14.34,1.42M
2014-09-09,14.621,14.785,14.866,14.558,948.39K
2014-09-08,14.839,14.921,14.966,14.825,815.22K
2014-09-05,14.916,14.862,14.984,14.712,1.26M
2014-09-04,14.83,14.73,14.934,14.558,2.10M
2014-09-03,14.644,14.603,14.753,14.567,743.57K
2014-09-02,14.558,14.503,14.667,14.49,895.78K
2014-09-01,14.499,14.526,14.599,14.422,846.91K
2014-08-29,14.521,14.472,14.521,14.39,1.17M
2014-08-28,14.463,14.544,14.553,14.404,1.05M
2014-08-27,14.621,14.59,14.644,14.508,990.64K
2014-08-26,14.621,14.404,14.635,14.39,1.09M
2014-08-25,14.413,14.449,14.485,14.318,1.01M
2014-08-22,14.331,14.422,14.435,14.231,930.29K
2014-08-21,14.408,14.168,14.463,14.073,2.05M
2014-08-20,14.145,14.005,14.145,13.968,806.12K
2014-08-19,13.991,14.027,14.1,13.95,726.40K
2014-08-18,13.955,14.014,14.104,13.955,764.80K
2014-08-15,13.882,13.991,14.095,13.823,1.17M
2014-08-14,13.937,13.887,13.986,13.819,956.25K
2014-08-13,13.909,13.991,14.014,13.819,1.07M
2014-08-12,13.905,13.76,13.991,13.746,1.40M
2014-08-11,13.782,13.782,13.887,13.742,1.16M
2014-08-08,13.66,13.429,13.723,13.361,1.81M
2014-08-07,13.565,13.633,13.737,13.533,2.16M
2014-08-06,13.669,13.995,13.995,13.492,3.26M
2014-08-05,14.163,14.399,14.417,14.136,1.77M
2014-08-04,14.345,14.558,14.571,14.331,1.07M
2014-08-01,14.503,14.898,14.902,14.426,1.83M
2014-07-31,14.889,15.211,15.238,14.853,1.03M
2014-07-30,15.17,15.297,15.302,15.134,1.33M
2014-07-29,15.265,15.329,15.333,15.215,736.98K
2014-07-28,15.225,15.274,15.356,15.175,1.05M
2014-07-25,15.193,15.125,15.256,15.066,1.37M
2014-07-24,15.129,14.98,15.179,14.839,1.32M
2014-07-23,15.034,15.51,15.51,14.939,1.16M
2014-07-22,15.111,14.812,15.111,14.812,970.88K
2014-07-21,14.921,14.875,14.952,14.825,852.22K
2014-07-18,14.871,14.939,14.966,14.803,959.97K
2014-07-17,15.002,15.002,15.134,14.966,575.42K
2014-07-16,15.084,14.857,15.093,14.839,1.08M
2014-07-15,14.78,14.835,14.902,14.73,1.09M
2014-07-14,14.848,14.825,14.93,14.757,764.69K
2014-07-11,14.753,14.512,14.943,14.476,1.95M
2014-07-10,14.617,14.825,14.848,14.526,1.87M
2014-07-09,14.807,15.025,15.043,14.694,1.55M
2014-07-08,14.989,15.202,15.261,14.898,1.39M
2014-07-07,15.229,15.365,15.401,15.156,775.96K
2014-07-04,15.447,15.556,15.601,15.442,769.87K
2014-07-03,15.542,15.419,15.674,15.401,1.35M
2014-07-02,15.419,15.27,15.465,15.22,1.40M
2014-07-01,15.243,15.293,15.324,15.179,1.43M
2014-06-30,15.243,15.175,15.265,15.116,1.05M
2014-06-27,15.17,15.243,15.279,15.147,676.78K
2014-06-26,15.202,15.188,15.225,15.057,774.50K
2014-06-25,15.134,15.138,15.161,14.97,1.55M
2014-06-24,15.175,15.143,15.247,15.098,690.77K
2014-06-23,15.138,15.129,15.188,15.066,949.83K
2014-06-20,15.125,15.302,15.32,15.125,1.50M
2014-06-19,15.288,15.392,15.415,15.261,806.31K
2014-06-18,15.265,15.211,15.51,15.211,1.69M
2014-06-17,15.184,15.088,15.202,15.057,1.00M
2014-06-16,15.084,15.088,15.134,15.011,1.17M
2014-06-13,15.129,15.238,15.283,15.102,1.09M
2014-06-12,15.238,15.265,15.397,15.188,1.18M
2014-06-11,15.279,15.37,15.374,15.147,1.59M
2014-06-10,15.419,15.215,15.433,15.211,2.32M
2014-06-09,15.211,15.002,15.238,15.002,1.32M
2014-06-06,15.052,14.712,15.052,14.689,2.01M
2014-06-05,14.671,14.562,14.73,14.521,1.04M
2014-06-04,14.581,14.553,14.626,14.39,1.71M
2014-06-03,14.585,14.653,14.676,14.558,1.44M
2014-06-02,14.603,14.644,14.775,14.512,940.04K
2014-05-30,14.581,14.431,14.63,14.381,1.92M
2014-05-29,14.417,14.508,14.531,14.272,1.09M
2014-05-28,14.531,14.426,14.531,14.422,1.07M
2014-05-27,14.422,14.44,14.517,14.376,1.26M
2014-05-26,14.431,14.395,14.499,14.367,1.13M
2014-05-23,14.367,14.277,14.417,14.249,1.27M
2014-05-22,14.277,14.367,14.376,14.2,977.04K
2014-05-21,14.322,14.277,14.39,14.249,1.20M
2014-05-20,14.318,14.422,14.494,14.272,1.34M
2014-05-19,14.417,14.386,14.535,14.263,1.36M
2014-05-16,14.381,14.245,14.449,14.145,2.84M
2014-05-15,14.286,14.639,14.662,14.195,2.43M
2014-05-14,14.676,14.943,15.039,14.617,2.72M
2014-05-13,14.586,14.547,14.625,14.487,2.60M
2014-05-12,14.517,14.34,14.547,14.34,1.94M
2014-05-09,14.309,14.37,14.443,14.279,2.40M
2014-05-08,14.379,14.21,14.383,14.176,1.36M
2014-05-07,14.21,14.176,14.335,14.098,2.09M
2014-05-06,14.344,14.094,14.495,14.055,2.35M
2014-05-05,14.003,14.063,14.124,13.839,4.16M
2014-05-02,14.063,13.955,14.141,13.89,1.24M
2014-04-30,14.698,14.567,14.744,14.544,1.35M
2014-04-29,14.603,14.549,14.721,14.476,1.62M
2014-04-28,14.54,14.544,14.649,14.449,719.75K
2014-04-25,14.535,14.612,14.726,14.494,910.42K
2014-04-24,14.653,14.821,14.866,14.503,2.02M
2014-04-23,14.712,14.649,14.766,14.599,2.02M
2014-04-22,14.649,14.476,14.676,14.422,1.69M
2014-04-17,14.363,14.367,14.467,14.272,1.20M
2014-04-16,14.367,14.39,14.494,14.29,1.22M
2014-04-15,14.231,14.44,14.481,14.127,2.77M
2014-04-14,14.413,14.308,14.422,14.132,1.69M
2014-04-11,14.376,14.671,14.671,14.268,2.16M
2014-04-10,14.748,15.152,15.179,14.667,2.32M
2014-04-09,15.075,15.048,15.179,15.034,2.50M
2014-04-08,15.043,15.17,15.193,14.603,4.92M
2014-04-07,15.438,15.288,15.592,15.288,1.15M
2014-04-04,15.488,15.524,15.556,15.288,1.62M
2014-04-03,15.519,15.397,15.592,15.37,2.14M
2014-04-02,15.361,15.234,15.361,15.152,959.00K
2014-04-01,15.193,15.079,15.238,15.02,1.37M
2014-03-31,15.034,15.147,15.211,15.034,1.28M
2014-03-28,15.07,15.052,15.165,15.034,954.24K
2014-03-27,14.957,14.921,15.066,14.889,1.09M
2014-03-26,14.957,14.88,15.179,14.844,1.26M
2014-03-25,14.789,14.649,14.835,14.599,905.09K
2014-03-24,14.558,14.721,14.798,14.494,1.00M
2014-03-21,14.717,14.902,15.016,14.717,1.75M
2014-03-20,14.902,14.717,14.902,14.649,1.51M
2014-03-19,14.771,14.694,14.912,14.581,1.41M
2014-03-18,14.662,14.617,14.717,14.444,1.23M
2014-03-17,14.639,14.277,14.639,14.268,1.43M
2014-03-14,14.322,14.549,14.576,14.195,1.86M
2014-03-13,14.639,14.989,15.066,14.639,1.67M
2014-03-12,15.025,15.048,15.134,14.966,1.47M
2014-03-11,15.057,15.007,15.093,14.925,1.49M
2014-03-10,14.961,15.152,15.288,14.857,7.92M
2014-03-07,15.238,15.419,15.451,15.161,1.49M
2014-03-06,15.397,15.315,15.488,15.306,1.49M
2014-03-05,15.302,15.234,15.401,15.175,3.38M
2014-03-04,15.297,15.202,15.351,15.147,1.87M
2014-03-03,15.188,15.238,15.324,15.102,2.55M
2014-02-28,15.438,15.605,15.646,15.406,2.48M
2014-02-27,15.655,15.655,15.782,15.551,1.39M
2014-02-26,15.737,15.946,15.964,15.669,2.44M
2014-02-25,15.977,15.664,16.0,15.642,1.79M
2014-02-24,15.751,15.388,15.751,15.374,1.48M
2014-02-21,15.419,15.479,15.51,15.342,1.11M
2014-02-20,15.465,15.37,15.465,15.311,1.58M
2014-02-19,15.587,15.501,15.637,15.438,1.09M
2014-02-18,15.519,15.429,15.551,15.338,1.36M
2014-02-17,15.442,15.601,15.646,15.438,605.45K
2014-02-14,15.565,15.515,15.633,15.447,756.31K
2014-02-13,15.542,15.293,15.592,15.202,1.55M
2014-02-12,15.351,15.401,15.442,15.288,1.13M
2014-02-11,15.397,15.419,15.419,15.283,1.03M
2014-02-10,15.283,15.415,15.415,15.215,1.11M
2014-02-07,15.401,15.252,15.401,15.152,1.27M
2014-02-06,15.229,15.057,15.274,14.993,1.52M
2014-02-05,15.03,14.853,15.111,14.798,1.09M
2014-02-04,14.893,14.912,15.011,14.739,1.30M
2014-02-03,14.98,14.966,15.125,14.916,2.00M
2014-01-31,15.034,15.075,15.116,14.848,1.63M
2014-01-30,15.084,15.034,15.165,14.925,1.33M
2014-01-29,15.039,14.943,15.252,14.757,1.70M
2014-01-28,14.875,14.73,14.916,14.68,1.54M
2014-01-27,14.789,14.921,14.998,14.626,1.99M
2014-01-24,14.853,15.429,15.465,14.807,1.68M
2014-01-23,15.392,15.483,15.578,15.243,1.28M
2014-01-22,15.497,15.76,15.796,15.46,1.45M
2014-01-21,15.71,15.682,15.755,15.619,1.62M
2014-01-20,15.76,15.723,15.782,15.601,1.27M
2014-01-17,15.769,15.556,15.973,15.374,2.29M
2014-01-16,15.528,15.401,15.565,15.374,1.66M
2014-01-15,15.415,15.329,15.492,15.283,1.77M
2014-01-14,15.265,15.048,15.265,14.921,2.17M
2014-01-13,15.165,15.084,15.211,14.966,817.54K
2014-01-10,15.052,15.075,15.211,15.011,1.41M
2014-01-09,15.048,14.984,15.361,14.884,1.78M
2014-01-08,14.975,14.921,15.057,14.857,1.77M
2014-01-07,14.871,14.662,14.889,14.603,2.12M
2014-01-06,14.694,14.549,14.735,14.549,1.02M
2014-01-03,14.608,14.585,14.726,14.562,1.05M
2014-01-02,14.603,14.694,14.794,14.521,1.83M
2013-12-31,14.649,14.721,14.73,14.649,491.20K
2013-12-30,14.721,14.694,14.73,14.599,1.09M
2013-12-27,14.694,14.644,14.707,14.553,1.44M
2013-12-24,14.612,14.603,14.73,14.567,361.41K
2013-12-23,14.531,14.218,14.558,14.204,1.28M
2013-12-20,14.113,14.136,14.222,14.073,2.17M
2013-12-19,14.159,13.846,14.168,13.846,1.42M
2013-12-18,13.742,13.878,13.927,13.701,2.73M
2013-12-17,13.828,13.95,13.995,13.805,1.29M
2013-12-16,13.959,13.742,14.014,13.701,1.31M
2013-12-13,13.755,13.746,13.864,13.637,1.55M
2013-12-12,13.85,13.964,14.059,13.809,994.64K
2013-12-11,13.995,14.059,14.154,13.977,890.75K
2013-12-10,14.045,14.195,14.227,13.995,1.39M
2013-12-09,14.186,14.054,14.191,14.036,3.67M
2013-12-06,14.059,14.104,14.163,13.841,2.73M
2013-12-05,14.082,14.163,14.195,14.05,1.39M
2013-12-04,14.141,14.145,14.222,14.014,1.32M
2013-12-03,14.113,14.181,14.249,14.05,2.12M
2013-12-02,14.15,14.2,14.222,13.964,1.10M
2013-11-29,14.195,14.195,14.263,14.145,1.78M
2013-11-28,14.168,14.127,14.254,14.104,1.13M
2013-11-27,14.177,13.968,14.209,13.923,1.37M
2013-11-26,13.964,13.751,13.968,13.746,1.82M
2013-11-25,13.787,13.819,13.896,13.737,1.13M
2013-11-22,13.732,13.651,13.819,13.601,1.49M
2013-11-21,13.66,13.501,13.732,13.456,1.30M
2013-11-20,13.56,13.66,13.66,13.479,1.78M
2013-11-19,13.678,13.841,13.864,13.678,1.22M
2013-11-18,13.873,13.832,14.018,13.719,1.11M
2013-11-15,13.905,13.909,13.964,13.823,1.08M
2013-11-14,14.638,14.605,14.757,14.548,990.50K
2013-11-13,14.524,14.552,14.648,14.448,13.59M
2013-11-12,14.548,14.6,14.61,14.429,1.62M
2013-11-11,14.6,14.629,14.705,14.505,736.15K
2013-11-08,14.643,14.467,14.657,14.419,2.80M
2013-11-07,14.486,14.571,14.833,14.467,2.17M
2013-11-06,14.567,14.471,14.638,14.467,1.87M
2013-11-05,14.667,14.838,14.857,14.633,2.01M
2013-11-04,14.781,14.781,14.848,14.724,1.84M
2013-11-01,14.757,15.019,15.038,14.676,1.89M
2013-10-31,15.048,14.857,15.071,14.686,2.24M
2013-10-30,14.976,15.219,15.357,14.952,1.49M
2013-10-29,15.191,15.067,15.229,15.029,1.53M
2013-10-28,15.133,15.143,15.191,15.029,1.47M
2013-10-25,15.148,15.148,15.2,15.014,1.59M
2013-10-24,15.219,15.014,15.219,14.971,1.15M
2013-10-23,15.0,15.152,15.171,14.905,2.55M
2013-10-22,15.186,15.214,15.362,15.152,2.27M
2013-10-21,15.191,15.148,15.286,15.086,1.16M
2013-10-18,15.143,15.038,15.191,15.038,1.69M
2013-10-17,15.009,14.933,15.1,14.871,1.56M
2013-10-16,14.976,14.79,15.0,14.762,1.45M
2013-10-15,14.871,14.795,14.933,14.767,1.32M
2013-10-14,14.681,14.786,14.79,14.524,1.03M
2013-10-11,14.79,14.786,14.795,14.61,1.68M
2013-10-10,14.667,14.514,14.686,14.514,1.48M
2013-10-09,14.467,14.309,14.505,14.281,1.26M
2013-10-08,14.338,14.362,14.39,14.267,4.51M
2013-10-07,14.343,14.243,14.357,14.162,1.27M
2013-10-04,14.262,14.124,14.262,14.081,1.68M
2013-10-03,14.081,14.205,14.248,14.029,2.04M
2013-10-02,14.162,13.876,14.176,13.776,2.07M
2013-10-01,13.895,13.671,13.929,13.61,2.50M
2013-09-30,13.681,13.552,13.681,13.486,2.21M
2013-09-27,13.662,13.691,13.71,13.595,2.29M
2013-09-26,13.667,13.633,13.719,13.524,1.66M
2013-09-25,13.576,13.543,13.595,13.4,2.14M
2013-09-24,13.506,13.465,13.533,13.361,1.39M
2013-09-23,13.451,13.469,13.551,13.356,1.58M
2013-09-20,13.451,13.265,13.451,13.265,2.05M
2013-09-19,13.288,13.288,13.32,13.179,1.27M
2013-09-18,13.165,13.066,13.243,13.011,1.88M
2013-09-17,13.098,13.034,13.102,13.016,1.65M
2013-09-16,13.03,13.052,13.07,12.975,1.16M
2013-09-13,12.943,12.871,13.039,12.844,1.29M
2013-09-12,12.88,12.884,12.934,12.803,2.31M
2013-09-11,12.889,12.789,12.889,12.712,1.44M
2013-09-10,12.762,12.649,12.762,12.59,1.86M
2013-09-09,12.571,12.612,12.612,12.458,1.12M
2013-09-06,12.626,12.503,12.635,12.431,1.93M
2013-09-05,12.503,12.313,12.503,12.263,2.05M
2013-09-04,12.281,12.195,12.281,12.095,1.34M
2013-09-03,12.2,12.186,12.286,12.118,1.80M
2013-09-02,12.177,12.204,12.295,12.177,1.42M
2013-08-30,12.118,12.122,12.218,11.977,3.43M
2013-08-29,12.073,11.85,12.132,11.71,2.89M
2013-08-28,11.787,11.832,11.973,11.705,1.85M
2013-08-27,11.905,12.091,12.109,11.828,2.52M
2013-08-26,12.172,12.263,12.336,12.118,890.17K
2013-08-23,12.318,12.363,12.422,12.231,1.10M
2013-08-22,12.363,12.145,12.449,12.132,1.73M
2013-08-21,12.15,12.172,12.254,12.086,1.12M
2013-08-20,12.191,12.29,12.299,12.063,1.34M
2013-08-19,12.326,12.426,12.499,12.29,1.74M
2013-08-16,12.426,12.472,12.549,12.399,2.23M
2013-08-15,12.485,12.608,12.639,12.395,1.59M
2013-08-14,12.63,12.639,12.676,12.576,1.43M
2013-08-13,12.599,12.581,12.658,12.531,1.58M
2013-08-12,12.571,12.771,12.807,12.567,1.98M
2013-08-09,12.762,12.762,12.812,12.717,1.33M
2013-08-08,12.712,12.821,12.912,12.68,1.68M
2013-08-07,12.762,12.775,12.825,12.644,1.52M
2013-08-06,12.812,12.562,12.835,12.562,1.91M
2013-08-05,12.585,12.585,12.803,12.544,2.30M
2013-08-02,12.612,12.717,12.893,12.599,2.23M
2013-08-01,12.671,13.02,13.02,12.603,2.09M
2013-07-31,12.658,12.83,12.884,12.653,2.31M
2013-07-30,12.848,12.685,12.871,12.63,1.42M
2013-07-29,12.608,12.562,12.698,12.526,1.83M
2013-07-26,12.54,12.612,12.698,12.512,1.73M
2013-07-25,12.549,12.417,12.585,12.372,1.68M
2013-07-24,12.458,12.313,12.531,12.295,1.41M
2013-07-23,12.245,12.195,12.349,12.195,1.77M
2013-07-22,12.154,12.268,12.372,12.154,1.88M
2013-07-19,12.245,12.318,12.34,12.195,1.95M
2013-07-18,12.326,12.386,12.39,12.209,1.68M
2013-07-17,12.386,12.463,12.481,12.168,1.68M
2013-07-16,12.417,12.449,12.454,12.295,1.82M
2013-07-15,12.399,12.372,12.594,12.367,1.36M
2013-07-12,12.336,12.621,12.667,12.308,3.31M
2013-07-11,12.571,12.898,13.02,12.571,2.12M
2013-07-10,12.771,12.78,12.848,12.626,1.51M
2013-07-09,12.789,12.753,12.83,12.698,1.44M
2013-07-08,12.739,12.571,12.794,12.553,1.56M
2013-07-05,12.458,12.444,12.603,12.399,1.45M
2013-07-04,12.444,12.299,12.553,12.299,1.28M
2013-07-03,12.245,12.231,12.299,12.1,2.29M
2013-07-02,12.367,12.426,12.485,12.318,1.49M
2013-07-01,12.354,12.2,12.354,12.181,1.62M
2013-06-28,12.154,12.231,12.336,12.118,1.98M
2013-06-27,12.227,11.887,12.29,11.832,1.50M
2013-06-26,11.882,11.701,11.941,11.633,2.76M
2013-06-25,11.696,11.864,11.918,11.646,2.33M
2013-06-24,11.809,11.973,12.054,11.769,1.53M
2013-06-21,11.986,12.2,12.345,11.986,2.79M
2013-06-20,12.141,12.422,12.512,12.136,2.92M
2013-06-19,12.553,12.603,12.621,12.454,1.34M
2013-06-18,12.608,12.476,12.653,12.454,1.30M
2013-06-17,12.653,12.63,12.762,12.558,757.90K
2013-06-14,12.544,12.449,12.671,12.449,1.03M
2013-06-13,12.449,12.336,12.481,12.222,1.31M
2013-06-12,12.472,12.268,12.63,12.268,1.61M
2013-06-11,12.336,12.517,12.535,12.177,1.56M
2013-06-10,12.553,12.512,12.59,12.444,912.24K
2013-06-07,12.531,12.326,12.576,12.326,1.77M
2013-06-06,12.331,12.531,12.726,12.331,1.68M
2013-06-05,12.476,12.649,12.748,12.426,1.65M
2013-06-04,12.689,12.63,12.789,12.567,982.87K
2013-06-03,12.576,12.503,12.73,12.463,1.39M
2013-05-31,12.585,12.571,12.671,12.268,1.60M
2013-05-30,12.603,12.562,12.717,12.553,1.05M
2013-05-29,12.653,12.794,12.862,12.608,1.05M
2013-05-28,12.907,12.748,13.057,12.748,1.84M
2013-05-27,12.698,12.59,12.717,12.59,338.91K
2013-05-24,12.59,12.644,12.748,12.508,831.99K
2013-05-23,12.63,12.698,12.753,12.544,1.43M
2013-05-22,12.957,12.98,13.088,12.816,1.16M
2013-05-21,12.93,13.016,13.093,12.857,1.14M
2013-05-20,13.07,12.948,13.125,12.939,2.33M
2013-05-17,12.989,12.98,13.048,12.898,1.67M
2013-05-16,13.025,13.243,13.279,13.02,2.02M
2013-05-15,13.46,13.17,13.465,13.02,1.37M
2013-05-14,13.197,13.342,13.342,13.039,1.58M
2013-05-13,13.27,13.37,13.469,13.098,1.17M
2013-05-10,13.342,13.225,13.383,13.184,1.20M
2013-05-09,13.225,13.261,13.261,13.016,835.81K
2013-05-08,13.247,12.839,13.283,12.807,2.52M
2013-05-07,12.771,12.862,12.889,12.689,1.12M
2013-05-06,12.862,12.857,12.866,12.73,764.18K
2013-05-03,12.866,12.689,12.88,12.585,1.40M
2013-05-02,12.721,12.748,12.889,12.517,1.91M
2013-04-30,12.862,12.68,12.871,12.639,2.48M
2013-04-29,12.676,12.295,12.73,12.295,2.09M
2013-04-26,12.467,12.726,12.744,12.295,2.88M
2013-04-25,12.78,12.753,12.835,12.617,2.00M
2013-04-24,12.744,12.608,12.753,12.581,3.48M
2013-04-23,12.608,12.222,12.626,12.218,2.22M
2013-04-22,12.231,12.036,12.29,12.005,1.41M
2013-04-19,11.955,11.977,12.063,11.878,1.57M
2013-04-18,11.937,11.701,12.036,11.637,1.53M
2013-04-17,11.655,11.923,11.95,11.501,2.35M
2013-04-16,11.855,11.946,12.032,11.832,1.16M
2013-04-15,11.977,12.023,12.036,11.837,963.38K
2013-04-12,11.986,11.918,12.036,11.909,1.31M
2013-04-11,11.918,11.8,11.946,11.782,1.76M
2013-04-10,11.796,11.556,11.864,11.406,1.95M
2013-04-09,11.474,11.587,11.605,11.406,1.36M
2013-04-08,11.469,11.519,11.705,11.451,1.85M
2013-04-05,11.442,11.605,11.714,11.351,1.69M
2013-04-04,11.537,11.778,11.832,11.483,1.30M
2013-04-03,11.682,11.8,11.891,11.664,2.59M
2013-04-02,12.109,11.964,12.122,11.955,2.11M
2013-03-28,11.891,11.977,11.991,11.819,1.33M
2013-03-27,11.955,12.113,12.195,11.823,2.10M
2013-03-26,12.018,12.268,12.308,11.927,1.93M
2013-03-25,12.213,12.354,12.381,12.118,1.66M
2013-03-22,12.272,12.24,12.29,12.168,1.04M
2013-03-21,12.29,12.154,12.308,12.104,2.86M
2013-03-20,12.113,12.104,12.227,12.063,2.37M
2013-03-19,12.027,12.132,12.222,11.982,1.42M
2013-03-18,12.204,11.964,12.268,11.859,1.46M
2013-03-15,12.168,12.263,12.286,12.168,2.35M
2013-03-14,12.336,12.218,12.381,12.218,1.62M
2013-03-13,12.313,12.222,12.354,12.2,1.38M
2013-03-12,12.204,12.29,12.408,12.204,1.63M
2013-03-11,12.372,12.399,12.467,12.318,1.00M
2013-03-08,12.422,12.295,12.463,12.222,1.65M
2013-03-07,12.213,12.29,12.326,12.172,1.87M
2013-03-06,12.308,12.195,12.336,12.045,1.90M
2013-03-05,12.163,12.009,12.191,11.973,2.64M
2013-03-04,11.937,11.909,12.009,11.855,1.60M
2013-03-01,12.032,12.245,12.286,11.955,2.10M
2013-02-28,12.209,12.091,12.209,11.986,2.18M
2013-02-27,12.1,11.977,12.109,11.855,1.65M
2013-02-26,11.964,11.791,12.036,11.655,2.58M
2013-02-25,12.118,12.041,12.236,11.927,1.97M
2013-02-22,12.059,11.905,12.068,11.859,1.63M
2013-02-21,11.828,12.05,12.05,11.574,2.72M
2013-02-20,12.113,11.723,12.2,11.682,2.11M
2013-02-19,11.701,11.429,11.714,11.388,1.99M
2013-02-18,11.519,11.628,11.674,11.374,1.34M
2013-02-15,11.682,11.701,11.723,11.596,2.36M
2013-02-14,11.71,11.682,11.746,11.546,1.08M
2013-02-13,11.728,11.592,11.782,11.492,1.25M
2013-02-12,11.533,11.429,11.592,11.379,1.23M
2013-02-11,11.424,11.456,11.519,11.347,829.53K
2013-02-08,11.483,11.347,11.569,11.306,1.38M
2013-02-07,11.338,11.333,11.456,11.22,1.11M
2013-02-06,11.347,11.129,11.465,10.998,2.38M
2013-02-05,11.705,11.529,11.805,11.471,1.67M
2013-02-04,11.591,11.976,12.019,11.567,1.85M
2013-02-01,12.043,11.981,12.114,11.8,1.90M
2013-01-31,12.019,12.143,12.176,11.905,1.28M
2013-01-30,12.191,12.424,12.471,12.048,975.96K
2013-01-29,12.362,12.362,12.362,12.119,619.16K
2013-01-28,12.309,12.319,12.329,12.11,1.17M
2013-01-25,12.276,12.257,12.433,12.224,917.17K
2013-01-24,12.295,12.329,12.362,12.205,1.12M
2013-01-23,12.367,12.024,12.367,12.024,4.93M
2013-01-22,12.043,12.033,12.067,11.905,450.34K
2013-01-21,11.991,11.962,12.048,11.933,697.32K
2013-01-18,11.886,11.967,11.967,11.862,1.06M
2013-01-17,11.905,11.905,11.995,11.871,575.31K
2013-01-16,11.89,11.933,12.052,11.79,814.18K
2013-01-15,12.0,11.857,12.048,11.852,765.56K
2013-01-14,11.9,12.229,12.238,11.886,1.09M
2013-01-11,12.191,12.324,12.362,12.048,950.48K
2013-01-10,12.271,12.324,12.409,12.2,1.09M
2013-01-09,12.276,12.105,12.295,12.062,4.05M
2013-01-08,12.071,12.119,12.181,12.067,1.15M
2013-01-07,12.167,12.224,12.295,12.114,713.22K
2013-01-04,12.257,12.219,12.295,12.191,851.29K
2013-01-03,12.243,12.281,12.414,12.143,873.07K
2013-01-02,12.309,12.019,12.457,11.995,968.40K
2012-12-31,11.829,11.8,11.905,11.624,760.31K
2012-12-28,11.814,11.838,11.957,11.762,542.61K
2012-12-27,11.848,11.819,12.043,11.814,686.10K
2012-12-24,12.0,11.876,12.119,11.762,674.27K
2012-12-21,11.862,11.795,11.876,11.714,5.01M
2012-12-20,11.809,11.857,11.957,11.705,2.22M
2012-12-19,11.905,11.905,12.014,11.857,2.02M
2012-12-18,11.805,11.695,11.929,11.695,2.33M
2012-12-17,11.691,11.567,11.714,11.486,1.04M
2012-12-14,11.581,11.429,11.581,11.376,1.43M
2012-12-13,11.419,11.224,11.419,11.224,1.58M
2012-12-12,11.133,11.043,11.214,10.995,1.01M
2012-12-11,10.962,10.809,11.048,10.8,1.04M
2012-12-10,10.762,10.819,10.843,10.619,1.42M
2012-12-07,10.814,10.838,10.948,10.714,592.67K
2012-12-06,10.871,10.895,10.967,10.79,628.57K
2012-12-05,10.809,10.762,10.905,10.714,1.23M
2012-12-04,10.724,10.671,10.905,10.671,1.18M
2012-12-03,10.657,10.662,10.871,10.657,996.76K
2012-11-30,10.7,10.719,10.848,10.643,1.36M
2012-11-29,10.733,10.638,10.762,10.61,1.48M
2012-11-28,10.543,10.6,10.638,10.476,1.60M
2012-11-27,10.614,10.571,10.652,10.429,1.77M
2012-11-26,10.462,10.562,10.562,10.395,623.03K
2012-11-23,10.61,10.6,10.619,10.529,524.48K
2012-11-22,10.586,10.438,10.595,10.438,565.20K
2012-11-21,10.409,10.376,10.438,10.286,692.87K
2012-11-20,10.371,10.152,10.386,10.152,1.27M
2012-11-19,10.21,10.167,10.238,10.062,950.22K
2012-11-16,10.071,10.091,10.119,10.0,1.95M
2012-11-15,10.048,10.048,10.095,9.995,1.07M
2012-11-14,10.095,10.152,10.267,10.052,873.60K
2012-11-13,10.21,10.038,10.214,10.038,1.53M
2012-11-12,10.133,10.305,10.305,10.133,1.05M
2012-11-09,10.295,10.543,10.562,10.257,1.23M
2012-11-08,10.557,10.886,10.9,10.557,1.25M
2012-11-07,11.105,11.238,11.314,11.057,1.64M
2012-11-06,11.191,11.167,11.29,11.095,931.47K
2012-11-05,11.167,11.095,11.176,11.057,491.60K
2012-11-02,11.152,11.229,11.233,11.057,862.52K
2012-11-01,11.143,11.171,11.191,11.005,704.38K
2012-10-31,11.067,11.038,11.186,11.0,1.41M
2012-10-30,11.067,11.133,11.167,11.005,449.96K
2012-10-29,11.052,11.038,11.138,11.005,596.76K
2012-10-26,11.038,11.105,11.143,10.995,528.35K
2012-10-25,11.171,11.062,11.238,11.062,813.06K
2012-10-24,11.124,10.9,11.171,10.9,5.88M
2012-10-23,10.905,10.909,11.114,10.867,457.51K
2012-10-22,10.933,10.914,10.991,10.848,1.05M
2012-10-19,10.995,11.062,11.11,10.805,1.33M
2012-10-18,11.062,11.224,11.286,11.019,1.33M
2012-10-17,11.233,11.257,11.333,11.157,1.36M
2012-10-16,11.243,11.429,11.429,11.238,1.09M
2012-10-15,11.395,11.276,11.405,11.252,580.63K
2012-10-12,11.314,11.533,11.533,11.314,443.48K
2012-10-11,11.495,11.371,11.552,11.262,577.56K
2012-10-10,11.39,11.238,11.467,11.238,940.22K
2012-10-09,11.281,11.333,11.343,11.176,732.02K
2012-10-08,11.286,11.395,11.443,11.214,545.33K
2012-10-05,11.476,11.367,11.509,11.195,620.04K
2012-10-04,11.276,11.414,11.61,11.238,565.43K
2012-10-03,11.414,11.267,11.486,11.191,1.00M
2012-10-02,11.271,11.133,11.324,11.11,737.22K
2012-10-01,11.191,11.119,11.286,11.095,653.30K
2012-09-28,10.905,11.095,11.352,10.905,1.34M
2012-09-27,11.095,11.0,11.2,10.886,690.56K
2012-09-26,10.952,11.286,11.3,10.952,945.66K
2012-09-25,11.357,11.39,11.424,11.295,571.32K
2012-09-24,11.357,11.4,11.467,11.333,589.04K
2012-09-21,11.5,11.267,11.552,11.191,1.67M
2012-09-20,11.162,11.105,11.281,11.095,711.27K
2012-09-19,11.2,11.191,11.381,11.152,1.25M
2012-09-18,11.195,11.229,11.333,11.095,952.82K
2012-09-17,11.348,11.438,11.519,11.062,951.79K
2012-09-14,11.395,11.6,11.848,11.333,1.97M
2012-09-13,11.381,11.029,11.381,10.857,1.07M
2012-09-12,11.067,10.986,11.067,10.814,906.77K
2012-09-11,10.895,11.005,11.014,10.681,1.21M
2012-09-10,10.991,10.786,11.143,10.786,1.20M
2012-09-07,10.876,10.857,11.105,10.333,1.60M
2012-09-06,10.824,10.238,10.848,10.238,1.10M
2012-09-05,10.171,10.105,10.471,10.067,808.98K
2012-09-04,10.148,10.205,10.367,10.057,1.10M
2012-09-03,10.205,10.4,10.4,10.162,598.06K
2012-08-31,10.281,10.1,10.429,10.095,1.41M
2012-08-30,10.1,10.019,10.171,9.962,992.20K
2012-08-29,10.095,10.062,10.105,9.957,587.80K
2012-08-28,10.009,10.224,10.224,9.876,853.63K
2012-08-27,10.181,10.143,10.257,10.067,253.42K
2012-08-24,10.124,10.1,10.243,10.048,358.47K
2012-08-23,10.152,10.229,10.295,10.0,698.59K
2012-08-22,10.171,10.481,10.481,10.114,452.79K
2012-08-21,10.381,10.433,10.524,10.224,902.16K
2012-08-20,10.381,10.433,10.667,10.262,949.53K
2012-08-17,10.376,10.009,10.795,10.009,1.69M
2012-08-16,9.943,9.567,9.981,9.557,1.28M
2012-08-15,9.538,9.619,9.762,9.495,993.10K
2012-08-14,9.671,9.781,9.781,9.619,1.01M
2012-08-13,9.691,9.79,9.876,9.652,696.00K
2012-08-10,9.767,9.805,10.024,9.724,743.74K
2012-08-09,9.919,9.986,10.11,9.733,1.40M
2012-08-08,9.986,9.938,10.095,9.838,1.59M
2012-08-07,9.967,9.8,10.086,9.795,2.16M
2012-08-06,9.805,9.512,9.952,9.425,1.86M
2012-08-03,9.405,9.21,9.571,9.1,1.90M
2012-08-02,9.22,9.489,9.667,9.057,2.00M
2012-08-01,9.529,9.667,9.71,9.343,1.23M
2012-07-31,9.576,9.767,9.867,9.514,1.34M
2012-07-30,9.757,9.762,9.833,9.619,1.06M
2012-07-27,9.457,9.474,9.543,9.078,1.67M
2012-07-26,9.371,8.958,9.405,8.952,2.40M
2012-07-25,8.971,8.97,9.217,8.886,1.95M
2012-07-24,8.952,9.11,9.238,8.881,2.55M
2012-07-23,9.19,9.238,9.314,8.958,2.05M
2012-07-20,9.4,9.952,10.033,9.36,2.83M
2012-07-19,9.986,10.048,10.167,9.938,1.63M
2012-07-18,10.009,10.024,10.081,9.857,714.16K
2012-07-17,9.948,9.938,10.052,9.895,1.04M
2012-07-16,9.952,9.748,10.0,9.748,1.01M
2012-07-13,9.933,9.9,10.029,9.838,1.26M
2012-07-12,9.89,10.009,10.081,9.871,911.40K
2012-07-11,10.024,10.033,10.148,9.948,1.62M
2012-07-10,10.062,9.991,10.191,9.914,1.39M
2012-07-09,9.924,9.857,10.019,9.786,1.12M
2012-07-06,9.867,10.124,10.148,9.862,1.25M
2012-07-05,10.162,10.343,10.371,10.105,1.61M
2012-07-04,10.357,10.195,10.357,10.176,1.11M
2012-07-03,10.243,10.167,10.243,10.091,1.79M
2012-07-02,10.143,10.129,10.2,10.038,2.53M
2012-06-29,10.138,9.905,10.167,9.757,3.66M
2012-06-28,9.643,9.557,9.838,9.409,2.95M
2012-06-27,9.516,9.414,9.516,9.299,1.83M
2012-06-26,9.342,9.445,9.605,9.309,1.83M
2012-06-25,9.498,9.557,9.586,9.443,1.82M
2012-06-22,9.605,9.571,9.671,9.533,2.75M
2012-06-21,9.571,9.633,9.762,9.562,1.57M
2012-06-20,9.671,9.676,9.771,9.6,1.51M
2012-06-19,9.733,9.638,9.762,9.567,1.53M
2012-06-18,9.676,9.767,9.767,9.514,1.94M
2012-06-15,9.638,9.552,9.671,9.486,4.55M
2012-06-14,9.538,9.485,9.538,9.349,2.11M
2012-06-13,9.481,9.43,9.505,9.381,2.64M
2012-06-12,9.439,9.538,9.619,9.358,2.61M
2012-06-11,9.6,9.79,10.086,9.576,1.83M
2012-06-08,9.638,9.552,9.657,9.453,1.92M
2012-06-07,9.595,9.434,9.648,9.382,2.15M
2012-06-06,9.433,9.267,9.538,9.257,3.40M
2012-06-05,9.267,9.309,9.463,9.266,1.92M
2012-06-04,9.342,9.314,9.485,9.146,2.16M
2012-06-01,9.293,9.293,9.506,9.274,3.20M
2012-05-31,9.338,9.506,9.56,9.261,6.42M
2012-05-30,9.488,9.71,9.769,9.469,2.29M
2012-05-29,9.787,9.896,10.014,9.751,1.55M
2012-05-28,9.923,10.023,10.063,9.859,726.19K
2012-05-25,9.973,9.955,10.014,9.846,1.06M
2012-05-24,9.896,9.873,9.991,9.719,1.31M
2012-05-23,9.782,10.027,10.027,9.751,1.04M
2012-05-22,10.086,9.859,10.141,9.85,1.08M
2012-05-21,9.85,9.841,10.041,9.719,1.37M
2012-05-18,9.864,9.896,10.045,9.819,2.00M
2012-05-17,9.982,10.073,10.168,9.918,1.40M
2012-05-16,10.027,10.041,10.168,9.95,2.40M
2012-05-15,10.268,10.367,10.435,10.118,1.85M
2012-05-14,10.322,10.494,10.553,10.277,1.27M
2012-05-11,10.599,10.576,10.639,10.376,1.65M
2012-05-10,10.553,10.576,10.621,10.381,2.84M
2012-05-09,10.49,10.585,10.649,10.381,2.41M
2012-05-08,10.612,10.717,10.812,10.526,2.60M
2012-05-07,10.698,10.376,10.726,10.313,1.76M
2012-05-04,10.49,10.608,10.785,10.431,1.68M
2012-05-03,10.585,10.476,10.744,10.467,1.69M
2012-05-02,10.458,10.775,10.785,10.358,2.32M
2012-04-30,10.603,10.848,10.93,10.59,1.32M
2012-04-27,10.775,10.449,10.862,10.399,2.19M
2012-04-26,10.531,10.839,10.998,10.44,8.08M
2012-04-25,10.481,10.54,10.766,10.431,5.01M
2012-04-24,10.109,9.791,10.177,9.742,3.12M
2012-04-23,9.964,10.286,10.286,9.878,2.24M
2012-04-20,10.349,10.122,10.349,10.122,3.72M
2012-04-19,10.186,10.268,10.313,10.077,4.13M
2012-04-18,10.245,10.503,10.508,10.204,3.45M
2012-04-17,10.531,10.431,10.59,10.39,3.46M
2012-04-16,10.449,10.612,10.676,10.449,6.38M
2012-04-13,10.707,10.975,10.98,10.685,2.10M
2012-04-12,10.993,10.916,11.011,10.821,2.26M
2012-04-11,11.193,11.03,11.193,10.98,1.67M
2012-04-10,10.993,11.156,11.293,10.993,1.86M
2012-04-05,11.229,11.379,11.406,11.102,1.42M
2012-04-04,11.329,11.601,11.655,11.293,1.88M
2012-04-03,11.601,11.701,11.791,11.596,1.46M
2012-04-02,11.732,11.583,11.732,11.492,1.66M
2012-03-30,11.578,11.438,11.605,11.397,1.51M
2012-03-29,11.438,11.542,11.651,11.356,2.32M
2012-03-28,11.546,11.633,11.755,11.479,1.49M
2012-03-27,11.619,11.85,11.896,11.501,3.01M
2012-03-26,11.782,11.764,11.819,11.61,1.12M
2012-03-23,11.76,11.701,11.769,11.624,1.47M
2012-03-22,11.742,11.927,11.927,11.682,1.44M
2012-03-21,11.923,11.932,12.05,11.837,1.18M
2012-03-20,11.914,11.823,12.0,11.814,1.63M
2012-03-19,11.859,11.701,11.859,11.692,789.19K
2012-03-16,11.737,11.723,11.76,11.637,1.86M
2012-03-15,11.737,11.8,11.841,11.637,1.92M
2012-03-14,11.8,11.746,11.864,11.742,1.26M
2012-03-13,11.723,11.791,11.791,11.637,1.32M
2012-03-12,11.574,11.61,11.66,11.492,1.64M
2012-03-09,11.619,11.533,11.678,11.492,1.47M
2012-03-08,11.537,11.306,11.61,11.302,1.99M
2012-03-07,11.283,11.392,11.456,11.211,2.45M
2012-03-06,11.392,11.655,11.678,11.37,1.68M
2012-03-05,11.71,11.728,11.837,11.664,1.05M
2012-03-02,11.787,11.778,11.846,11.746,981.59K
2012-03-01,11.791,11.587,11.809,11.583,1.95M
2012-02-29,11.633,11.465,11.791,11.456,2.75M
2012-02-28,11.465,11.542,11.565,11.397,1.01M
2012-02-27,11.542,11.524,11.565,11.447,1.01M
2012-02-24,11.524,11.565,11.655,11.497,1.44M
2012-02-23,11.556,11.619,11.737,11.41,2.40M
2012-02-22,11.696,11.723,11.882,11.692,1.73M
2012-02-21,11.796,11.968,11.991,11.755,2.21M
2012-02-20,12.009,11.873,12.036,11.85,1.66M
2012-02-17,11.859,11.791,11.859,11.696,2.95M
2012-02-16,11.769,12.018,12.018,11.705,1.77M
2012-02-15,12.063,11.909,12.063,11.887,1.84M
2012-02-14,11.828,11.841,11.9,11.782,1.05M
2012-02-13,11.823,11.828,11.909,11.751,1.03M
2012-02-10,11.796,11.732,11.805,11.714,1.01M
2012-02-09,11.737,11.791,11.841,11.705,1.10M
2012-02-08,11.773,11.76,11.791,11.674,1.66M
2012-02-07,11.696,11.692,11.746,11.519,1.71M
2012-02-06,11.646,11.751,11.751,11.556,1.89M
2012-02-03,11.732,11.796,11.828,11.692,3.40M
2012-02-02,11.787,11.882,11.946,11.746,1.67M
2012-02-01,11.85,11.891,11.937,11.669,2.38M
2012-01-31,11.682,11.519,11.682,11.515,2.54M
2012-01-30,11.419,11.492,11.546,11.361,1.13M
2012-01-27,11.56,11.687,11.755,11.56,1.29M
2012-01-26,11.696,11.8,11.828,11.642,1.99M
2012-01-25,11.737,11.61,11.755,11.592,2.53M
2012-01-24,11.56,11.41,11.565,11.356,1.11M
2012-01-23,11.492,11.483,11.506,11.252,1.55M
2012-01-20,11.506,11.664,11.664,11.488,1.94M
2012-01-19,11.61,11.551,11.678,11.551,1.35M
2012-01-18,11.546,11.61,11.66,11.474,1.87M
2012-01-17,11.628,11.751,11.751,11.506,2.07M
2012-01-16,11.592,11.732,11.809,11.583,2.15M
2012-01-13,11.791,11.882,12.059,11.637,3.53M
2012-01-12,11.669,11.596,11.751,11.556,2.46M
2012-01-11,11.501,11.438,11.565,11.347,2.31M
2012-01-10,11.479,11.324,11.619,11.324,1.50M
2012-01-09,11.247,11.27,11.351,11.202,937.91K
2012-01-06,11.274,11.329,11.41,11.202,1.00M
2012-01-05,11.234,11.365,11.419,11.197,1.56M
2012-01-04,11.383,11.506,11.61,11.297,1.69M
2012-01-03,11.492,11.483,11.501,11.347,1.14M
2012-01-02,11.442,11.22,11.442,11.202,622.20K
2011-12-30,11.193,11.247,11.283,11.102,805.60K
2011-12-29,11.175,11.079,11.175,11.007,748.04K
2011-12-28,11.084,11.07,11.193,10.984,1.08M
2011-12-27,11.088,11.165,11.197,11.066,486.94K
2011-12-23,11.17,11.134,11.225,11.088,543.96K
2011-12-22,11.057,11.061,11.156,10.975,789.55K
2011-12-21,11.02,11.057,11.238,10.993,1.79M
2011-12-20,11.048,10.803,11.066,10.757,1.28M
2011-12-19,10.848,10.667,10.93,10.667,1.90M
2011-12-16,10.748,10.68,10.798,10.653,2.94M
2011-12-15,10.667,10.635,10.789,10.635,2.02M
2011-12-14,10.662,10.766,10.907,10.617,2.96M
2011-12-13,10.803,10.803,10.853,10.712,2.51M
2011-12-12,10.78,10.88,10.957,10.771,2.06M
2011-12-09,10.898,10.612,10.998,10.567,3.46M
2011-12-08,10.735,11.066,11.12,10.726,3.51M
2011-12-07,11.107,11.129,11.202,10.975,3.00M
2011-12-06,11.111,11.048,11.283,11.048,2.13M
2011-12-05,11.175,10.925,11.311,10.912,2.53M
2011-12-02,10.83,10.812,10.893,10.726,2.00M
2011-12-01,10.703,10.744,10.83,10.653,1.91M
2011-11-30,10.735,10.286,10.794,10.249,4.00M
2011-11-29,10.358,10.127,10.358,10.068,1.73M
2011-11-28,10.109,9.887,10.132,9.887,2.93M
2011-11-25,9.8,9.701,9.859,9.596,1.97M
2011-11-24,9.701,9.76,9.832,9.642,2.63M
2011-11-23,9.71,9.764,9.932,9.682,2.94M
2011-11-22,9.814,9.986,9.986,9.778,2.75M
2011-11-21,9.9,10.068,10.077,9.85,2.53M
2011-11-18,10.095,10.159,10.191,10.054,4.12M
2011-11-17,10.218,10.177,10.326,10.122,1.72M
2011-11-16,10.254,10.177,10.404,10.127,1.84M
2011-11-15,10.177,10.05,10.249,9.977,1.95M
2011-11-14,10.113,10.367,10.399,10.05,2.38M
2011-11-11,10.272,10.091,10.304,10.05,1.76M
2011-11-10,10.113,9.882,10.286,9.819,2.87M
2011-11-09,10.014,10.494,10.503,9.941,3.50M
2011-11-08,10.336,10.517,10.59,10.29,2.93M
2011-11-07,10.521,10.44,10.612,10.34,1.36M
2011-11-04,10.508,10.703,10.789,10.467,3.03M
2011-11-03,10.68,10.381,10.717,10.363,2.75M
2011-11-02,10.449,10.694,10.703,10.367,2.53M
2011-11-01,10.603,10.689,10.721,10.431,2.55M
2011-10-31,10.825,11.039,11.184,10.816,2.25M
2011-10-28,11.41,11.628,11.628,11.283,2.73M
2011-10-27,11.542,11.519,11.619,11.438,2.57M
2011-10-26,11.283,11.311,11.397,11.138,1.87M
2011-10-25,11.293,11.156,11.32,11.134,1.93M
2011-10-24,11.152,11.048,11.229,10.939,1.10M
2011-10-21,10.948,10.812,11.03,10.753,2.44M
2011-10-20,10.753,10.798,10.884,10.73,1.67M
2011-10-19,10.961,10.957,11.07,10.839,1.77M
2011-10-18,10.934,10.807,10.989,10.757,2.02M
2011-10-17,10.902,10.998,11.12,10.835,1.86M
2011-10-14,10.912,10.794,11.03,10.739,2.13M
2011-10-13,10.816,11.043,11.075,10.698,2.43M
2011-10-12,11.048,10.785,11.084,10.707,1.30M
2011-10-11,10.83,10.866,10.902,10.735,1.42M
2011-10-10,10.898,10.694,10.912,10.649,1.28M
2011-10-07,10.662,10.599,10.703,10.526,1.83M
2011-10-06,10.531,10.521,10.562,10.354,2.20M
2011-10-05,10.476,10.431,10.494,10.268,1.35M
2011-10-04,10.308,10.34,10.367,10.163,2.01M
2011-10-03,10.481,10.168,10.499,10.073,1.92M
2011-09-30,10.521,10.422,10.639,10.345,1.70M
2011-09-29,10.494,10.413,10.576,10.372,1.39M
2011-09-28,10.417,10.313,10.567,10.263,1.28M
2011-09-27,10.476,10.313,10.508,10.213,3.12M
2011-09-26,10.104,9.692,10.141,9.614,2.49M
2011-09-23,9.828,9.95,9.973,9.583,2.74M
2011-09-22,9.855,10.077,10.172,9.823,2.22M
2011-09-21,10.354,10.286,10.386,10.218,2.52M
2011-09-20,10.29,10.1,10.336,10.068,1.59M
2011-09-19,10.141,10.045,10.195,10.045,1.21M
2011-09-16,10.249,10.395,10.395,10.177,3.61M
2011-09-15,10.24,10.159,10.322,10.095,2.10M
2011-09-14,10.095,9.66,10.204,9.651,2.88M
2011-09-13,10.76,10.73,10.85,10.52,4.40M
2011-09-12,10.545,10.59,10.71,10.52,2.93M
2011-09-09,10.86,11.1,11.21,10.84,1.79M
2011-09-08,11.205,11.12,11.33,11.04,2.02M
2011-09-07,11.11,10.87,11.12,10.83,1.64M
2011-09-06,10.665,10.58,10.81,10.51,1.74M
2011-09-05,10.62,10.79,10.82,10.62,1.66M
2011-09-02,11.0,11.15,11.16,10.95,2.17M
2011-09-01,11.27,11.13,11.29,10.99,2.61M
2011-08-31,11.075,10.68,11.09,10.64,3.56M
2011-08-30,10.63,10.54,10.63,10.4,2.40M
2011-08-29,10.445,10.39,10.5,10.28,1.43M
2011-08-26,10.27,10.32,10.34,10.06,2.67M
2011-08-25,10.315,10.51,10.52,10.23,2.62M
2011-08-24,10.405,10.33,10.48,10.21,2.08M
2011-08-23,10.22,10.39,10.46,10.11,3.29M
2011-08-22,10.25,10.18,10.4,10.16,2.31M
2011-08-19,10.575,10.66,10.68,10.41,3.85M
2011-08-18,10.7,11.05,11.12,10.66,3.53M
2011-08-17,11.145,11.06,11.22,10.95,4.67M
2011-08-16,11.075,11.29,11.31,10.91,5.30M
2011-08-15,11.14,11.15,11.19,10.97,1.41M
2011-08-12,11.05,10.71,11.08,10.41,3.38M
2011-08-11,10.73,10.61,10.78,10.23,4.10M
2011-08-10,10.35,10.74,10.83,10.32,5.67M
2011-08-09,10.6,10.66,10.87,10.14,5.15M
2011-08-08,10.69,10.98,11.37,10.61,6.08M
2011-08-05,10.94,10.93,11.48,10.86,4.90M
2011-08-04,11.32,11.83,11.86,11.31,5.29M
2011-08-03,11.605,11.9,12.14,11.47,4.10M
2011-08-02,12.07,12.19,12.36,12.02,2.84M
2011-08-01,12.3,12.93,13.01,12.3,2.32M
2011-07-29,12.83,12.87,13.02,12.67,2.82M
2011-07-28,12.95,13.01,13.37,12.94,2.76M
2011-07-27,13.05,13.57,13.73,12.98,2.75M
2011-07-26,14.555,14.76,14.78,14.43,1.85M
2011-07-25,14.67,14.78,14.84,14.62,1.64M
2011-07-22,14.675,14.64,14.79,14.61,1.96M
2011-07-21,14.525,14.0,14.59,13.91,3.32M
2011-07-20,13.94,13.83,13.98,13.8,1.58M
2011-07-19,13.7,13.79,13.92,13.66,1.69M
2011-07-18,13.76,13.9,14.09,13.76,1.44M
2011-07-15,13.96,14.22,14.22,13.93,2.02M
2011-07-14,14.27,14.18,14.38,14.18,1.21M
2011-07-13,14.4,14.09,14.44,14.07,2.35M
2011-07-12,14.135,14.77,14.77,13.95,5.25M
2011-07-11,14.4,14.7,14.74,14.3,2.17M
2011-07-08,14.81,15.16,15.23,14.79,1.36M
2011-07-07,15.08,15.14,15.26,15.04,1.41M
2011-07-06,15.04,15.03,15.06,14.87,2.30M
2011-07-05,15.03,15.23,15.27,15.01,1.90M
2011-07-04,15.2,15.37,15.45,15.19,1.22M
2011-07-01,15.37,15.44,15.46,15.29,1.80M
2011-06-30,15.405,15.16,15.47,15.09,2.01M
2011-06-29,15.15,14.77,15.22,14.77,2.56M
2011-06-28,14.685,14.77,14.92,14.61,2.32M
2011-06-27,14.99,14.96,15.05,14.84,1.97M
2011-06-24,14.85,15.28,15.34,14.83,2.86M
2011-06-23,15.185,15.4,15.53,15.15,2.53M
2011-06-22,15.4,15.54,15.6,15.39,1.60M
2011-06-21,15.5,15.32,15.52,15.32,1.81M
2011-06-20,15.2,15.33,15.34,15.12,1.37M
2011-06-17,15.34,15.21,15.43,15.14,2.92M
2011-06-16,15.265,15.43,15.52,15.15,2.09M
2011-06-15,15.505,15.65,15.66,15.43,1.09M
2011-06-14,15.69,15.58,15.74,15.55,1.37M
2011-06-13,15.52,15.48,15.62,15.36,807.00K
2011-06-10,15.42,15.65,15.77,15.36,1.48M
2011-06-09,15.595,15.54,15.65,15.35,2.53M
2011-06-08,15.54,15.73,15.73,15.52,1.80M
2011-06-07,15.645,15.8,15.85,15.645,2.00M
2011-06-06,15.82,15.97,15.98,15.71,2.25M
2011-06-03,15.96,15.99,16.07,15.77,2.24M
2011-06-02,15.94,15.73,16.16,15.71,2.05M
2011-06-01,15.845,16.08,16.13,15.82,2.20M
2011-05-31,16.03,15.94,16.03,15.84,7.53M
2011-05-30,15.815,15.69,15.85,15.6,1.59M
2011-05-27,15.74,15.63,15.86,15.57,2.13M
2011-05-26,15.5,15.72,15.9,15.48,2.86M
2011-05-25,15.685,15.49,15.79,15.37,3.28M
2011-05-24,15.6,15.39,15.6,15.38,3.02M
2011-05-23,15.41,15.44,15.54,15.29,2.02M
2011-05-20,15.63,15.84,15.9,15.54,3.14M
2011-05-19,15.77,15.87,15.92,15.63,2.82M
2011-05-18,15.925,15.97,16.02,15.76,2.98M
2011-05-17,15.81,15.79,15.99,15.7,1.77M
2011-05-16,15.78,15.65,15.81,15.51,1.45M
2011-05-13,15.75,15.99,16.02,15.62,2.04M
2011-05-12,15.96,15.79,15.98,15.69,1.65M
2011-05-11,15.95,15.75,16.0,15.64,2.81M
2011-05-10,15.515,15.54,15.62,15.31,1.78M
2011-05-09,15.49,15.68,15.74,15.36,2.35M
2011-05-06,15.845,15.78,15.87,15.57,2.19M
2011-05-05,15.89,15.98,16.02,15.6,1.71M
2011-05-04,15.825,15.99,16.04,15.68,1.65M
2011-05-03,16.0,15.94,16.0,15.85,1.34M
2011-05-02,15.98,16.11,16.13,15.98,929.54K
2011-04-29,15.995,16.04,16.08,15.89,1.01M
2011-04-28,16.0,16.06,16.15,15.93,1.71M
2011-04-27,16.01,15.97,16.06,15.93,1.66M
2011-04-26,15.92,15.91,16.13,15.88,1.35M
2011-04-21,15.935,15.89,15.96,15.68,1.42M
2011-04-20,15.82,15.56,15.88,15.42,1.89M
2011-04-19,15.37,15.3,15.51,15.29,2.87M
2011-04-18,15.205,15.65,15.78,15.19,2.23M
2011-04-15,15.635,15.61,15.68,15.51,2.93M
2011-04-14,15.435,15.77,15.79,15.38,2.56M
2011-04-13,15.835,15.56,15.89,15.56,2.94M
2011-04-12,15.5,15.64,15.74,15.47,1.70M
2011-04-11,15.7,15.78,15.9,15.7,1.89M
2011-04-08,15.77,16.05,16.06,15.65,1.81M
2011-04-07,16.02,15.9,16.03,15.89,3.68M
2011-04-06,15.87,15.61,15.99,15.61,3.02M
2011-04-05,15.51,15.66,15.66,15.44,2.75M
2011-04-04,15.675,15.49,15.68,15.46,2.46M
2011-04-01,15.455,15.45,15.5,15.19,2.64M
2011-03-31,15.33,15.58,15.58,15.18,3.26M
2011-03-30,15.51,15.22,15.62,15.19,4.65M
2011-03-29,15.02,14.93,15.05,14.91,2.08M
2011-03-28,14.9,14.77,14.99,14.75,1.75M
2011-03-25,14.775,14.67,14.775,14.63,1.64M
2011-03-24,14.61,14.58,14.69,14.47,2.01M
2011-03-23,14.62,14.42,14.65,14.39,2.04M
2011-03-22,14.5,14.51,14.63,14.47,2.39M
2011-03-21,14.505,14.54,14.61,14.45,1.27M
2011-03-18,14.36,14.29,14.52,14.27,3.00M
2011-03-17,14.21,13.86,14.35,13.83,3.06M
2011-03-16,13.765,14.05,14.26,13.765,2.40M
2011-03-15,14.03,14.13,14.17,13.81,3.30M
2011-03-14,14.28,14.32,14.59,14.2,1.80M
2011-03-11,14.39,14.42,14.55,14.39,1.64M
2011-03-10,14.505,14.49,14.73,14.48,2.92M
2011-03-09,14.665,14.78,14.81,14.58,1.61M
2011-03-08,14.7,14.6,14.7,14.44,2.36M
2011-03-07,14.575,14.28,14.64,14.24,2.62M
2011-03-04,14.255,14.32,14.33,14.19,1.69M
2011-03-03,14.295,14.43,14.49,14.27,3.76M
2011-03-02,14.39,14.46,14.46,14.18,2.27M
2011-03-01,14.555,14.58,14.69,14.47,2.84M
2011-02-28,14.56,14.61,14.68,14.46,1.54M
2011-02-25,14.58,14.43,14.6,14.4,2.25M
2011-02-24,14.34,14.47,14.67,14.27,1.78M
2011-02-23,14.49,14.77,14.85,14.41,3.43M
2011-02-22,14.405,14.37,14.58,14.12,11.03M
2011-02-21,14.425,14.92,14.93,14.425,2.73M
2011-02-18,14.88,15.19,15.22,14.88,1.76M
2011-02-17,15.18,15.11,15.29,14.99,3.12M
2011-02-16,15.13,15.05,15.22,15.03,1.97M
2011-02-15,14.965,15.03,15.24,14.93,1.53M
2011-02-14,14.99,14.95,15.1,14.93,1.60M
2011-02-11,14.905,15.03,15.04,14.75,1.45M
2011-02-10,15.02,15.09,15.09,14.73,3.80M
2011-02-09,15.15,14.88,15.18,14.86,3.50M
2011-02-08,14.865,14.79,14.91,14.77,2.05M
2011-02-07,14.82,14.57,14.83,14.55,3.26M
2011-02-04,14.515,14.52,14.55,14.36,1.17M
2011-02-03,14.45,14.37,14.58,14.33,2.48M
2011-02-02,14.45,14.35,14.47,14.32,1.90M
2011-02-01,14.275,14.41,14.47,14.26,1.97M
2011-01-31,14.33,14.32,14.44,14.16,1.73M
2011-01-28,14.25,14.37,14.49,14.24,4.99M
2011-01-27,14.395,14.42,14.52,14.29,2.52M
2011-01-26,14.45,14.17,14.48,14.15,3.25M
2011-01-25,14.09,14.36,14.36,13.98,5.11M
2011-01-24,14.315,14.47,14.54,14.24,2.90M
2011-01-21,14.45,14.78,14.78,14.45,3.95M
2011-01-20,14.74,14.66,14.76,14.42,6.16M
2011-01-19,14.545,14.68,14.82,14.52,4.97M
2011-01-18,14.635,14.26,14.68,14.21,4.29M
2011-01-17,14.23,14.4,14.47,14.15,2.61M
2011-01-14,14.365,14.34,14.56,14.05,8.86M
2011-01-13,13.955,13.78,14.16,13.77,2.74M
2011-01-12,13.745,13.59,13.91,13.57,3.61M
2011-01-11,13.55,13.42,13.61,13.36,3.82M
2011-01-10,13.435,13.26,13.48,13.04,2.15M
2011-01-07,13.24,13.21,13.35,12.95,3.09M
2011-01-06,13.185,13.46,13.49,13.18,1.60M
2011-01-05,13.35,13.45,13.45,13.16,2.41M
2011-01-04,13.44,13.49,13.63,13.41,2.10M
2011-01-03,13.49,13.49,13.66,13.43,1.24M
2010-12-30,13.455,13.81,13.81,13.455,1.03M
2010-12-29,13.79,13.61,13.79,13.61,1.20M
2010-12-28,13.565,13.52,13.68,13.52,496.44K
2010-12-27,13.5,14.02,14.08,13.48,1.42M
2010-12-23,13.93,14.21,14.21,13.93,1.62M
2010-12-22,14.18,13.93,14.2,13.87,3.84M
2010-12-21,13.84,13.66,13.98,13.59,3.00M
2010-12-20,13.625,14.02,14.06,13.56,7.65M
2010-12-17,13.45,13.74,13.74,13.34,4.46M
2010-12-16,13.665,13.67,13.75,13.52,3.04M
2010-12-15,13.65,13.82,13.84,13.53,4.19M
2010-12-14,13.7,13.48,13.87,13.36,7.22M
2010-12-13,13.39,13.1,13.49,12.94,3.96M
2010-12-10,13.06,12.9,13.08,12.82,2.84M
2010-12-09,12.895,12.8,13.09,12.71,2.93M
2010-12-08,12.785,12.56,12.9,12.43,1.99M
2010-12-07,12.545,12.67,12.72,12.545,1.78M
2010-12-06,12.655,12.87,12.88,12.54,1.13M
2010-12-03,12.775,12.67,12.87,12.59,2.29M
2010-12-02,12.705,12.7,12.91,12.36,2.44M
2010-12-01,12.61,12.36,12.63,12.35,2.07M
2010-11-30,12.265,12.38,12.46,12.24,2.97M
2010-11-29,12.385,12.75,12.84,12.34,2.72M
2010-11-26,12.75,12.61,12.76,12.38,2.33M
2010-11-25,12.61,12.78,12.78,12.33,2.47M
2010-11-24,12.795,12.66,12.795,12.65,1.56M
2010-11-23,12.605,12.71,12.72,12.605,1.75M
2010-11-22,12.74,13.31,13.32,12.73,2.40M
2010-11-19,13.2,13.29,13.29,13.2,2.65M
2010-11-18,13.245,13.27,13.29,13.18,1.53M
2010-11-17,13.22,13.17,13.23,13.16,1.16M
2010-11-16,13.14,13.43,13.43,13.14,2.06M
2010-11-15,13.465,13.72,13.72,13.465,1.92M
2010-11-12,13.495,13.27,13.51,13.26,2.61M
2010-11-11,13.47,13.67,13.68,13.43,
2010-11-10,13.655,13.92,13.93,13.64,
2010-11-09,13.865,13.66,13.865,13.65,
2010-11-08,13.66,13.63,13.66,13.62,
2010-11-05,13.665,14.02,14.03,13.63,
2010-11-04,14.075,14.07,14.08,14.04,
2010-11-03,13.95,14.22,14.23,13.95,
2010-11-02,14.16,14.03,14.16,14.02,
2010-11-01,14.09,14.27,14.28,14.06,
2010-10-29,14.19,14.13,14.24,14.11,
2010-10-28,14.18,14.15,14.18,14.14,
2010-10-27,14.15,14.2,14.21,14.14,
2010-10-26,14.225,14.12,14.25,14.11,
2010-10-25,14.085,14.16,14.16,14.085,
2010-10-22,14.08,14.06,14.08,14.05,
2010-10-21,14.09,13.91,14.09,13.9,
2010-10-20,14.17,14.07,14.17,14.06,
2010-10-19,14.145,14.32,14.34,14.145,
2010-10-18,14.265,14.23,14.27,14.22,
2010-10-15,14.265,14.29,14.3,14.265,
2010-10-14,14.27,14.2,14.27,14.19,
2010-10-13,14.18,14.04,14.22,14.02,
2010-10-12,14.01,14.04,14.05,14.01,
2010-10-11,14.08,13.93,14.08,13.92,
2010-10-08,13.92,13.77,13.92,13.76,
2010-10-07,13.845,13.77,13.91,13.76,
2010-10-06,13.82,13.77,13.82,13.76,
2010-10-05,13.7,13.65,13.72,13.62,
2010-10-04,13.5,13.61,13.63,13.5,
2010-10-01,13.625,13.68,13.69,13.62,
2010-09-30,13.67,13.55,13.68,13.54,
2010-09-29,13.59,13.74,13.75,13.59,
2010-09-28,13.67,13.51,13.69,13.5,
2010-09-27,13.625,13.76,13.77,13.61,
2010-09-24,13.775,13.52,13.8,13.51,
2010-09-23,13.52,13.7,13.72,13.52,
2010-09-22,13.56,14.0,14.0,13.56,
2010-09-21,13.945,13.9,13.99,13.9,
2010-09-20,13.96,13.74,13.96,13.73,
2010-09-17,13.7,13.64,13.71,13.62,
2010-09-16,13.54,13.59,13.6,13.54,
2010-09-15,13.59,13.71,13.72,13.59,
2010-09-14,13.755,13.72,13.76,13.71,
2010-09-13,13.72,13.71,13.72,13.7,
2010-09-10,13.66,13.63,13.71,13.62,
2010-09-09,13.69,13.52,13.69,13.51,
2010-09-08,13.545,13.45,13.58,13.44,
2010-09-07,13.465,13.71,13.71,13.465,
2010-09-06,13.66,13.72,13.73,13.63,
2010-09-03,13.645,13.76,13.77,13.64,
2010-09-02,13.735,13.54,13.735,13.53,
2010-09-01,13.6,13.17,13.6,13.16,
2010-08-31,13.08,12.7,13.08,12.69,
2010-08-30,12.865,12.91,12.92,12.86,
2010-08-27,12.89,12.69,12.89,12.68,
2010-08-26,12.71,12.63,12.71,12.61,
2010-08-25,12.525,12.49,12.56,12.48,
2010-08-24,12.445,12.58,12.58,12.445,
2010-08-23,12.665,12.59,12.69,12.58,
2010-08-20,12.53,12.87,12.88,12.53,
2010-08-19,12.84,13.07,13.09,12.84,
2010-08-18,13.03,13.07,13.08,13.03,
2010-08-17,13.075,13.0,13.09,12.99,
2010-08-16,12.965,12.87,12.965,12.86,
2010-08-13,12.845,12.98,12.99,12.845,
2010-08-12,12.88,13.04,13.05,12.88,
2010-08-11,12.995,13.29,13.3,12.995,
2010-08-10,13.295,13.49,13.5,13.295,
2010-08-09,13.54,13.45,13.57,13.43,
2010-08-06,13.1,13.43,13.45,13.1,
2010-08-05,13.305,13.41,13.42,13.305,
2010-08-04,13.345,13.49,13.5,13.345,
2010-08-03,13.53,13.4,13.53,13.39,
2010-08-02,13.46,13.09,13.46,13.06,
2010-07-30,12.97,13.23,13.24,12.97,
2010-07-29,13.335,13.32,13.335,13.31,
2010-07-27,13.52,13.65,13.66,13.52,
2010-07-26,13.6,13.45,13.6,13.44,
2010-07-23,13.43,13.73,13.73,13.43,
2010-07-22,13.865,13.57,13.89,13.56,
2010-07-21,13.615,13.95,13.95,13.615,
2010-07-20,13.77,13.97,13.97,13.77,
2010-07-19,13.86,13.88,13.91,13.86,
2010-07-16,13.89,13.99,14.0,13.89,
2010-07-15,13.99,14.07,14.08,13.99,
2010-07-14,14.07,14.17,14.17,14.07,
2010-07-13,14.17,14.17,14.18,14.13,
2010-07-12,14.17,14.45,14.45,14.17,
2010-07-09,14.41,14.52,14.56,14.41,
2010-07-08,14.64,14.44,14.64,14.42,
2010-07-07,14.44,14.31,14.44,13.99,
2010-07-06,14.31,14.39,14.4,14.31,
2010-07-05,13.6,12.15,13.6,12.1,
2010-07-01,11.77,11.65,11.77,11.64,
2010-06-30,11.65,11.79,11.81,11.65,
2010-06-29,11.79,12.17,12.18,11.79,
2010-06-28,12.17,12.2,12.3,12.17,
2010-06-25,12.12,12.04,12.12,12.02,
2010-06-24,12.04,12.45,12.45,12.04,
2010-06-23,12.45,12.38,12.45,12.37,
2010-06-22,12.38,12.54,12.55,12.38,
2010-06-21,12.54,12.47,12.54,12.46,
2010-06-18,12.27,12.12,12.27,12.12,
2010-06-17,12.12,12.06,12.12,12.05,
2010-06-16,12.06,12.38,12.39,12.06,
2010-06-15,12.38,12.27,12.38,12.26,
2010-06-14,12.27,12.17,12.27,12.16,
2010-06-11,12.11,11.67,12.11,11.66,
2010-06-10,11.67,11.19,11.67,11.18,
2010-06-09,11.19,10.97,11.19,10.96,
2010-06-08,10.97,11.23,11.23,10.97,
2010-06-07,11.23,11.18,11.23,11.18,
2010-06-04,11.36,11.56,11.56,11.36,
2010-06-03,11.56,11.86,11.86,11.56,
2010-06-02,11.86,11.59,11.86,11.59,
2010-06-01,11.59,11.73,11.6,11.59,
2010-05-31,11.73,11.72,11.73,11.59,
2010-05-28,11.73,11.56,11.73,11.56,
2010-05-27,11.56,11.04,11.56,11.04,
2010-05-26,11.04,10.83,11.04,10.83,
2010-05-25,10.83,10.63,10.83,10.63,
2010-05-21,11.57,11.61,11.57,11.57,
2010-05-20,11.61,11.84,11.61,11.61,
2010-05-19,11.84,11.88,11.84,11.84,
2010-05-18,11.88,11.8,12.02,11.8,
2010-05-17,11.8,11.63,11.8,11.63,
2010-05-12,12.73,12.17,12.73,12.17,
2010-05-11,12.17,12.41,12.24,12.17,
2010-05-10,12.41,12.11,12.67,12.11,
2010-05-07,11.73,12.14,11.73,11.73,
2010-05-06,12.14,12.32,12.27,12.14,
2010-05-05,12.32,12.55,12.34,12.32,
2010-05-04,12.55,13.44,12.84,12.55,
2010-05-03,13.44,13.12,13.44,13.12,
2010-04-30,13.09,13.27,13.09,13.09,
2010-04-29,13.27,13.1,13.38,13.1,
2010-04-28,13.1,13.08,13.1,13.08,
2010-04-27,13.08,13.84,13.37,13.08,
2010-04-26,13.84,14.12,13.95,13.84,
2010-04-23,13.96,14.06,13.96,13.96,
2010-04-22,14.06,14.25,14.06,14.06,
2010-04-21,14.25,14.52,14.29,14.25,
2010-04-20,14.52,14.55,14.52,14.52,
2010-04-19,14.55,14.53,14.55,14.53,
2010-04-15,14.72,14.63,14.72,14.63,
2010-04-14,14.63,14.72,14.63,14.63,
2010-04-13,14.72,14.56,14.72,14.56,
2010-04-12,14.56,14.72,14.59,14.56,
2010-04-09,14.72,14.54,14.72,14.54,
2010-04-08,14.54,14.51,14.54,14.51,
2010-04-07,14.51,14.62,14.56,14.51,
2010-04-06,14.62,14.6,14.62,14.6,
2010-04-01,14.52,14.3,14.52,14.3,
2010-03-31,14.3,14.41,14.3,14.3,
2010-03-30,14.41,14.47,14.42,14.41,
2010-03-29,14.47,14.58,14.47,14.47,
2010-03-26,14.52,14.38,14.52,14.38,
2010-03-25,14.38,14.98,15.06,14.38,
2010-03-24,14.98,15.1,14.98,14.98,
2010-03-23,15.1,14.86,15.1,14.86,
2010-03-22,14.86,15.04,14.86,14.86,
2010-03-19,15.05,15.14,15.05,15.05,
2010-03-18,15.14,15.02,15.14,15.02,
2010-03-17,15.02,14.98,15.02,14.98,
2010-03-16,14.93,14.91,14.93,14.91,
2010-03-15,14.86,14.96,14.86,14.86,
2010-03-12,14.91,14.76,14.91,14.76,
2010-03-11,14.74,14.76,14.74,14.74,
2010-03-10,14.82,14.72,14.82,14.7,
2010-03-09,14.65,14.83,14.83,14.56,
2010-03-08,14.77,14.93,14.93,14.72,
2010-03-05,14.89,14.45,14.89,14.32,
2010-03-04,14.44,14.13,14.48,14.13,
2010-03-03,14.26,14.12,14.3,13.96,
2010-03-02,14.14,14.01,14.15,13.99,
2010-03-01,13.97,13.97,14.09,13.87,
2010-02-26,13.86,13.62,13.86,13.59,
2010-02-25,13.43,13.78,13.89,13.35,
2010-02-24,13.77,13.82,13.85,13.61,
2010-02-23,13.76,14.03,14.1,13.68,
2010-02-22,13.96,14.13,14.14,13.86,
2010-02-19,13.97,13.49,13.97,13.49,
2010-02-18,13.64,13.58,13.68,13.49,
2010-02-17,13.6,13.62,13.66,13.42,
2010-02-16,13.51,13.57,13.58,13.31,
2010-02-15,13.43,13.41,13.55,13.36,
2010-02-12,13.3,13.48,13.52,13.18,
2010-02-11,13.45,13.83,13.84,13.33,
2010-02-10,13.75,13.77,13.9,13.65,
2010-02-09,13.76,13.64,13.89,13.57,
2010-02-08,13.75,13.43,13.8,13.36,
2010-02-05,13.38,13.71,13.77,13.38,
2010-02-04,13.82,14.8,14.82,13.77,
2010-02-03,14.76,15.05,15.05,14.72,
2010-02-02,15.02,14.81,15.07,14.76,
2010-02-01,14.79,14.64,14.92,14.64,
2010-01-29,14.7,14.55,14.88,14.54,
2010-01-28,14.6,14.83,14.93,14.56,
2010-01-27,14.8,14.68,14.95,14.68,
2010-01-26,14.86,14.66,15.02,14.66,
2010-01-25,14.74,14.74,14.86,14.67,
2010-01-22,14.81,14.87,15.02,14.77,
2010-01-21,14.79,15.13,15.13,14.79,
2010-01-20,15.04,15.41,15.53,15.02,
2010-01-19,15.43,15.24,15.53,15.09,
2010-01-18,15.25,15.29,15.3,15.12,
2010-01-15,15.18,15.53,15.58,15.18,
2010-01-14,15.46,15.47,15.5,15.33,
2010-01-13,15.4,15.29,15.54,15.29,
2010-01-12,15.36,15.62,15.68,15.26,
2010-01-11,15.68,15.93,15.96,15.66,
2010-01-08,15.83,16.05,16.06,15.69,
2010-01-07,15.99,15.97,16.05,15.93,
2010-01-06,16.05,16.04,16.14,15.97,
2010-01-05,16.03,16.0,16.06,15.96,
